2.000000000000000111e-01
2.000000000000000111e-01
2.000000000000000111e-01
2.000000000000000111e-01
2.000000000000000111e-01
2.000000000000000111e-01
2.000000000000000111e-01
2.000000000000000111e-01
2.000000000000000111e-01
2.000000000000000111e-01
2.000000000000000111e-01
2.000000000000000111e-01
2.000000000000000111e-01
2.000000000000000111e-01
2.000000000000000111e-01
2.000000000000000111e-01
2.000000000000000111e-01
2.000000000000000111e-01
2.016000000000000014e-01
2.215999999999999914e-01
2.429999999999999938e-01
2.706000000000000072e-01
2.998999999999999999e-01
3.195000000000000062e-01
3.407999999999999918e-01
3.649000000000000021e-01
3.961000000000000076e-01
4.324999999999999956e-01
4.739999999999999769e-01
5.030000000000000027e-01
5.282999999999999918e-01
5.637999999999999678e-01
5.946000000000000174e-01
6.187000000000000277e-01
6.358000000000000318e-01
6.524999999999999689e-01
6.643999999999999906e-01
6.659000000000000474e-01
6.743000000000000105e-01
6.854999999999999982e-01
7.026999999999999913e-01
7.272999999999999465e-01
7.625999999999999446e-01
7.929000000000000492e-01
8.157999999999999696e-01
8.389999999999999680e-01
8.636000000000000343e-01
8.913999999999999702e-01
9.150000000000000355e-01
9.239000000000000545e-01
9.351000000000000423e-01
9.506000000000000005e-01
9.676000000000000156e-01
9.854000000000000536e-01
9.986000000000000432e-01
1.012899999999999912e+00
1.026699999999999946e+00
1.041500000000000092e+00
1.058300000000000018e+00
1.070100000000000051e+00
1.086600000000000010e+00
1.095900000000000096e+00
1.105199999999999960e+00
1.115499999999999936e+00
1.125399999999999956e+00
1.135499999999999954e+00
1.147499999999999964e+00
1.158800000000000052e+00
1.169399999999999995e+00
1.177100000000000035e+00
1.185499999999999998e+00
1.194700000000000095e+00
1.205999999999999961e+00
1.215500000000000025e+00
1.223200000000000065e+00
1.229000000000000092e+00
1.233700000000000019e+00
1.237800000000000011e+00
1.240199999999999969e+00
1.242199999999999971e+00
1.243999999999999995e+00
1.244899999999999896e+00
1.244299999999999962e+00
1.241600000000000037e+00
1.238099999999999978e+00
1.234099999999999975e+00
1.227400000000000047e+00
1.220800000000000107e+00
1.213400000000000034e+00
1.204099999999999948e+00
1.193999999999999950e+00
1.182800000000000074e+00
1.168800000000000061e+00
1.151000000000000023e+00
1.136300000000000088e+00
1.119199999999999973e+00
1.098100000000000076e+00
1.081900000000000084e+00
1.063299999999999912e+00
1.037300000000000111e+00
1.020799999999999930e+00
1.004599999999999937e+00
9.869999999999999885e-01
9.659999999999999698e-01
9.415999999999999925e-01
9.131000000000000227e-01
8.786000000000000476e-01
8.576000000000000290e-01
8.398999999999999799e-01
8.213000000000000300e-01
7.991000000000000325e-01
7.648000000000000353e-01
7.197000000000000064e-01
6.828999999999999515e-01
6.523999999999999799e-01
6.197000000000000286e-01
5.870999999999999552e-01
5.598999999999999533e-01
5.281000000000000139e-01
4.940999999999999837e-01
4.671000000000000152e-01
4.403000000000000247e-01
4.148000000000000020e-01
3.862999999999999767e-01
3.448999999999999844e-01
2.962000000000000188e-01
2.419000000000000039e-01
2.000000000000000111e-01
2.000000000000000111e-01
2.000000000000000111e-01
2.000000000000000111e-01
2.000000000000000111e-01
2.000000000000000111e-01
2.000000000000000111e-01
2.000000000000000111e-01
2.000000000000000111e-01
2.000000000000000111e-01
2.000000000000000111e-01
2.000000000000000111e-01
2.000000000000000111e-01
2.000000000000000111e-01
2.000000000000000111e-01
2.000000000000000111e-01
2.000000000000000111e-01
2.000000000000000111e-01
2.000000000000000111e-01
2.000000000000000111e-01
2.000000000000000111e-01
2.000000000000000111e-01
2.000000000000000111e-01
2.000000000000000111e-01
2.000000000000000111e-01
2.000000000000000111e-01
2.000000000000000111e-01
2.000000000000000111e-01
2.000000000000000111e-01
2.000000000000000111e-01
2.000000000000000111e-01
2.000000000000000111e-01
2.000000000000000111e-01
2.000000000000000111e-01
2.000000000000000111e-01
2.000000000000000111e-01
2.000000000000000111e-01
2.000000000000000111e-01
2.000000000000000111e-01
2.000000000000000111e-01
2.031999999999999917e-01
2.401000000000000079e-01
2.670000000000000151e-01
2.726999999999999980e-01
2.659000000000000252e-01
2.591999999999999860e-01
2.622999999999999776e-01
2.768999999999999795e-01
2.965999999999999748e-01
3.140999999999999903e-01
3.259000000000000230e-01
3.433999999999999830e-01
3.744999999999999996e-01
3.905000000000000138e-01
4.154999999999999805e-01
4.476999999999999869e-01
4.848999999999999977e-01
5.261000000000000121e-01
5.705000000000000071e-01
6.118999999999999995e-01
6.450000000000000178e-01
6.653000000000000025e-01
6.875999999999999890e-01
7.056000000000000050e-01
7.194000000000000394e-01
7.379999999999999893e-01
7.530000000000000027e-01
7.737000000000000544e-01
7.960000000000000409e-01
8.256999999999999895e-01
8.576000000000000290e-01
8.832999999999999741e-01
9.051000000000000156e-01
9.201000000000000290e-01
9.385000000000000009e-01
9.580999999999999517e-01
9.770999999999999686e-01
1.002000000000000002e+00
1.029300000000000104e+00
1.048799999999999955e+00
1.070899999999999963e+00
1.094600000000000017e+00
1.119899999999999896e+00
1.143000000000000016e+00
1.163999999999999924e+00
1.182700000000000085e+00
1.199100000000000055e+00
1.213100000000000067e+00
1.224599999999999911e+00
1.232699999999999907e+00
1.237200000000000077e+00
1.240699999999999914e+00
1.242799999999999905e+00
1.244699999999999918e+00
1.244599999999999929e+00
1.241900000000000004e+00
1.236799999999999899e+00
1.230599999999999916e+00
1.221999999999999975e+00
1.210800000000000098e+00
1.195500000000000007e+00
1.177400000000000002e+00
1.161899999999999933e+00
1.150500000000000078e+00
1.139999999999999902e+00
1.124600000000000044e+00
1.108999999999999986e+00
1.090000000000000080e+00
1.076400000000000023e+00
1.053700000000000081e+00
1.028100000000000014e+00
9.999000000000000110e-01
9.704000000000000403e-01
9.377999999999999670e-01
8.993999999999999773e-01
8.540999999999999703e-01
8.051000000000000378e-01
7.490999999999999881e-01
6.935999999999999943e-01
6.472999999999999865e-01
5.901999999999999469e-01
5.273999999999999799e-01
4.581999999999999962e-01
4.048999999999999821e-01
3.608000000000000096e-01
3.199000000000000177e-01
2.609000000000000208e-01
2.000000000000000111e-01
2.000000000000000111e-01
2.000000000000000111e-01
2.000000000000000111e-01
2.000000000000000111e-01
2.000000000000000111e-01
2.000000000000000111e-01
2.000000000000000111e-01
2.000000000000000111e-01
2.000000000000000111e-01
2.000000000000000111e-01
2.000000000000000111e-01
2.000000000000000111e-01
2.000000000000000111e-01
2.000000000000000111e-01
2.000000000000000111e-01
2.000000000000000111e-01
2.000000000000000111e-01
2.000000000000000111e-01
2.000000000000000111e-01
2.000000000000000111e-01
2.000000000000000111e-01
2.000000000000000111e-01
2.000000000000000111e-01
2.000000000000000111e-01
2.000000000000000111e-01
2.000000000000000111e-01
2.000000000000000111e-01
2.000000000000000111e-01
2.000000000000000111e-01
2.000000000000000111e-01
2.000000000000000111e-01
2.000000000000000111e-01
2.000000000000000111e-01
2.000000000000000111e-01
2.000000000000000111e-01
2.000000000000000111e-01
2.000000000000000111e-01
2.000000000000000111e-01
2.000000000000000111e-01
2.000000000000000111e-01
2.000000000000000111e-01
2.000000000000000111e-01
2.000000000000000111e-01
2.000000000000000111e-01
2.000000000000000111e-01
2.000000000000000111e-01
2.000000000000000111e-01
2.000000000000000111e-01
2.000000000000000111e-01
2.000000000000000111e-01
2.000000000000000111e-01
2.000000000000000111e-01
2.000000000000000111e-01
2.000000000000000111e-01
2.000000000000000111e-01
2.000000000000000111e-01
2.000000000000000111e-01
2.000000000000000111e-01
2.000000000000000111e-01
2.000000000000000111e-01
2.000000000000000111e-01
2.000000000000000111e-01
2.000000000000000111e-01
2.000000000000000111e-01
2.000000000000000111e-01
2.000000000000000111e-01
2.000000000000000111e-01
2.000000000000000111e-01
2.000000000000000111e-01
2.000000000000000111e-01
2.184000000000000108e-01
2.519000000000000128e-01
2.878000000000000003e-01
3.256999999999999895e-01
3.654000000000000026e-01
4.028999999999999804e-01
4.383000000000000229e-01
4.711000000000000187e-01
4.855999999999999761e-01
5.004999999999999449e-01
5.214999999999999636e-01
5.465999999999999748e-01
5.681000000000000494e-01
5.864000000000000323e-01
6.145000000000000462e-01
6.412999999999999812e-01
6.697999999999999510e-01
7.054000000000000270e-01
7.408000000000000140e-01
7.725999999999999535e-01
7.997999999999999554e-01
8.263000000000000345e-01
8.517000000000000126e-01
8.677000000000000268e-01
8.780999999999999917e-01
8.902999999999999803e-01
9.070000000000000284e-01
9.270000000000000462e-01
9.416999999999999815e-01
9.599999999999999645e-01
9.782999999999999474e-01
9.915000000000000480e-01
1.007300000000000084e+00
1.025600000000000067e+00
1.044799999999999951e+00
1.066699999999999982e+00
1.090500000000000025e+00
1.113899999999999890e+00
1.136600000000000055e+00
1.158199999999999896e+00
1.171799999999999953e+00
1.183300000000000018e+00
1.195799999999999974e+00
1.208900000000000086e+00
1.219799999999999995e+00
1.226499999999999924e+00
1.231200000000000072e+00
1.235999999999999988e+00
1.239400000000000057e+00
1.243000000000000105e+00
1.244899999999999896e+00
1.244099999999999984e+00
1.240899999999999892e+00
1.235800000000000010e+00
1.229200000000000070e+00
1.221200000000000063e+00
1.211600000000000010e+00
1.204900000000000082e+00
1.195999999999999952e+00
1.182399999999999896e+00
1.167200000000000015e+00
1.148600000000000065e+00
1.132200000000000095e+00
1.119099999999999984e+00
1.104300000000000059e+00
1.083199999999999941e+00
1.064799999999999969e+00
1.046000000000000041e+00
1.023099999999999898e+00
9.972999999999999643e-01
9.718999999999999861e-01
9.411000000000000476e-01
9.030000000000000249e-01
8.703999999999999515e-01
8.305000000000000160e-01
7.814999999999999725e-01
7.429999999999999938e-01
7.125000000000000222e-01
6.794000000000000039e-01
6.391999999999999904e-01
5.865000000000000213e-01
5.294999999999999707e-01
4.692999999999999949e-01
4.037000000000000033e-01
3.320000000000000173e-01
2.580000000000000071e-01
2.008000000000000063e-01
2.000000000000000111e-01
2.000000000000000111e-01
2.000000000000000111e-01
2.000000000000000111e-01
2.000000000000000111e-01
2.000000000000000111e-01
2.000000000000000111e-01
2.000000000000000111e-01
2.000000000000000111e-01
2.000000000000000111e-01
2.000000000000000111e-01
2.000000000000000111e-01
2.000000000000000111e-01
2.000000000000000111e-01
2.000000000000000111e-01
2.000000000000000111e-01
2.000000000000000111e-01
2.000000000000000111e-01
2.000000000000000111e-01
2.000000000000000111e-01
2.000000000000000111e-01
2.000000000000000111e-01
2.000000000000000111e-01
2.000000000000000111e-01
2.000000000000000111e-01
2.000000000000000111e-01
2.000000000000000111e-01
2.000000000000000111e-01
2.000000000000000111e-01
2.000000000000000111e-01
2.000000000000000111e-01
2.000000000000000111e-01
2.000000000000000111e-01
2.000000000000000111e-01
2.000000000000000111e-01
2.000000000000000111e-01
2.000000000000000111e-01
2.000000000000000111e-01
2.000000000000000111e-01
2.000000000000000111e-01
2.000000000000000111e-01
2.000000000000000111e-01
2.000000000000000111e-01
2.000000000000000111e-01
2.000000000000000111e-01
2.000000000000000111e-01
2.000000000000000111e-01
2.000000000000000111e-01
2.000000000000000111e-01
2.000000000000000111e-01
2.000000000000000111e-01
2.000000000000000111e-01
2.000000000000000111e-01
2.000000000000000111e-01
2.000000000000000111e-01
2.001000000000000001e-01
2.011000000000000010e-01
2.179000000000000103e-01
2.503000000000000225e-01
2.836000000000000187e-01
3.200000000000000067e-01
3.599999999999999867e-01
3.956000000000000072e-01
4.124999999999999778e-01
4.318000000000000171e-01
4.596999999999999975e-01
4.893000000000000127e-01
5.237000000000000544e-01
5.612000000000000322e-01
6.037000000000000144e-01
6.401999999999999913e-01
6.739000000000000545e-01
6.995999999999999996e-01
7.268999999999999906e-01
7.616000000000000547e-01
7.803999999999999826e-01
7.892000000000000126e-01
7.993000000000000105e-01
8.097999999999999643e-01
8.256999999999999895e-01
8.478999999999999870e-01
8.672999999999999599e-01
8.840000000000000080e-01
9.072000000000000064e-01
9.353000000000000203e-01
9.639999999999999680e-01
9.891999999999999682e-01
9.980999999999999872e-01
1.007100000000000106e+00
1.020199999999999996e+00
1.034200000000000008e+00
1.048499999999999988e+00
1.061399999999999899e+00
1.077199999999999935e+00
1.094799999999999995e+00
1.114700000000000024e+00
1.134900000000000020e+00
1.154300000000000104e+00
1.172900000000000054e+00
1.186299999999999910e+00
1.198800000000000088e+00
1.211200000000000054e+00
1.221400000000000041e+00
1.226799999999999891e+00
1.231899999999999995e+00
1.236299999999999955e+00
1.240099999999999980e+00
1.242499999999999938e+00
1.243900000000000006e+00
1.244699999999999918e+00
1.245000000000000107e+00
1.244499999999999940e+00
1.242499999999999938e+00
1.238099999999999978e+00
1.234099999999999975e+00
1.229300000000000059e+00
1.220900000000000096e+00
1.211000000000000076e+00
1.199500000000000011e+00
1.185400000000000009e+00
1.173699999999999966e+00
1.163699999999999957e+00
1.148300000000000098e+00
1.125499999999999945e+00
1.097800000000000109e+00
1.073299999999999921e+00
1.047900000000000054e+00
1.027400000000000091e+00
1.010499999999999954e+00
9.889999999999999902e-01
9.694000000000000394e-01
9.473000000000000309e-01
9.234999999999999876e-01
8.931999999999999940e-01
8.588999999999999968e-01
8.177999999999999714e-01
7.684999999999999609e-01
7.203000000000000513e-01
6.706999999999999629e-01
6.150999999999999801e-01
5.738999999999999657e-01
5.341000000000000192e-01
4.915999999999999814e-01
4.410000000000000031e-01
3.776999999999999802e-01
3.158000000000000251e-01
2.504000000000000115e-01
2.000000000000000111e-01
2.000000000000000111e-01
2.000000000000000111e-01
2.000000000000000111e-01
2.000000000000000111e-01
2.000000000000000111e-01
2.000000000000000111e-01
2.000000000000000111e-01
2.000000000000000111e-01
2.000000000000000111e-01
2.000000000000000111e-01
2.000000000000000111e-01
2.000000000000000111e-01
2.000000000000000111e-01
2.000000000000000111e-01
2.000000000000000111e-01
2.000000000000000111e-01
2.000000000000000111e-01
2.000000000000000111e-01
2.000000000000000111e-01
2.000000000000000111e-01
2.000000000000000111e-01
2.000000000000000111e-01
2.000000000000000111e-01
2.000000000000000111e-01
2.000000000000000111e-01
2.000000000000000111e-01
2.000000000000000111e-01
2.000000000000000111e-01
2.000000000000000111e-01
2.000000000000000111e-01
2.000000000000000111e-01
2.000000000000000111e-01
2.000000000000000111e-01
2.000000000000000111e-01
2.000000000000000111e-01
2.000000000000000111e-01
2.000000000000000111e-01
2.000000000000000111e-01
2.000000000000000111e-01
2.000000000000000111e-01
2.000000000000000111e-01
2.000000000000000111e-01
2.000000000000000111e-01
2.000000000000000111e-01
2.000000000000000111e-01
2.000000000000000111e-01
2.000000000000000111e-01
2.000000000000000111e-01
2.000000000000000111e-01
2.000000000000000111e-01
2.000000000000000111e-01
2.000000000000000111e-01
2.000000000000000111e-01
2.000000000000000111e-01
2.000000000000000111e-01
2.000000000000000111e-01
2.170999999999999874e-01
2.383000000000000118e-01
2.442999999999999894e-01
2.531999999999999806e-01
2.644000000000000239e-01
2.708999999999999742e-01
2.810000000000000275e-01
2.993999999999999995e-01
3.230999999999999983e-01
3.574999999999999845e-01
3.912999999999999812e-01
4.233000000000000096e-01
4.420000000000000040e-01
4.413000000000000256e-01
4.403000000000000247e-01
4.430000000000000049e-01
4.495000000000000107e-01
4.668999999999999817e-01
4.903000000000000136e-01
5.149000000000000243e-01
5.321000000000000174e-01
5.477999999999999536e-01
5.659999999999999476e-01
5.766999999999999904e-01
5.959999999999999742e-01
6.226000000000000423e-01
6.472999999999999865e-01
6.743000000000000105e-01
7.066999999999999948e-01
7.370999999999999774e-01
7.744999999999999662e-01
8.111000000000000432e-01
8.427000000000000046e-01
8.626000000000000334e-01
8.818000000000000282e-01
8.944999999999999618e-01
9.106999999999999540e-01
9.310000000000000497e-01
9.481000000000000538e-01
9.628999999999999782e-01
9.752999999999999448e-01
9.889999999999999902e-01
1.007300000000000084e+00
1.026899999999999924e+00
1.047800000000000065e+00
1.065700000000000092e+00
1.083700000000000108e+00
1.100200000000000067e+00
1.113399999999999945e+00
1.127000000000000002e+00
1.142900000000000027e+00
1.159799999999999942e+00
1.175499999999999989e+00
1.189300000000000024e+00
1.199999999999999956e+00
1.209699999999999998e+00
1.218599999999999905e+00
1.225999999999999979e+00
1.231400000000000050e+00
1.235700000000000021e+00
1.239100000000000090e+00
1.241999999999999993e+00
1.243900000000000006e+00
1.244899999999999896e+00
1.244899999999999896e+00
1.243900000000000006e+00
1.241500000000000048e+00
1.238099999999999978e+00
1.233700000000000019e+00
1.228599999999999914e+00
1.221799999999999997e+00
1.214299999999999935e+00
1.203699999999999992e+00
1.190399999999999903e+00
1.177100000000000035e+00
1.162099999999999911e+00
1.143499999999999961e+00
1.125999999999999890e+00
1.104700000000000015e+00
1.080999999999999961e+00
1.055099999999999927e+00
1.027600000000000069e+00
9.999000000000000110e-01
9.669999999999999707e-01
9.411000000000000476e-01
9.195999999999999730e-01
8.914999999999999591e-01
8.576000000000000290e-01
8.255000000000000115e-01
7.894999999999999796e-01
7.496000000000000441e-01
7.043000000000000371e-01
6.593999999999999861e-01
6.168000000000000149e-01
5.748999999999999666e-01
5.338000000000000522e-01
4.853999999999999981e-01
4.371999999999999775e-01
3.785000000000000031e-01
3.195000000000000062e-01
2.550000000000000044e-01
2.000000000000000111e-01
2.000000000000000111e-01
2.000000000000000111e-01
2.000000000000000111e-01
2.000000000000000111e-01
2.000000000000000111e-01
2.000000000000000111e-01
2.000000000000000111e-01
2.000000000000000111e-01
2.000000000000000111e-01
2.000000000000000111e-01
2.000000000000000111e-01
2.000000000000000111e-01
2.000000000000000111e-01
2.000000000000000111e-01
2.000000000000000111e-01
2.000000000000000111e-01
2.000000000000000111e-01
2.000000000000000111e-01
2.000000000000000111e-01
2.000000000000000111e-01
2.000000000000000111e-01
2.000000000000000111e-01
2.000000000000000111e-01
2.000000000000000111e-01
2.000000000000000111e-01
2.000000000000000111e-01
2.000000000000000111e-01
2.000000000000000111e-01
2.000000000000000111e-01
2.000000000000000111e-01
2.000000000000000111e-01
2.000000000000000111e-01
2.000000000000000111e-01
2.000000000000000111e-01
2.000000000000000111e-01
2.000000000000000111e-01
2.000000000000000111e-01
2.000000000000000111e-01
2.000000000000000111e-01
2.000000000000000111e-01
2.000000000000000111e-01
2.000000000000000111e-01
2.000000000000000111e-01
2.000000000000000111e-01
2.000000000000000111e-01
2.000000000000000111e-01
2.000000000000000111e-01
2.000000000000000111e-01
2.000000000000000111e-01
2.000000000000000111e-01
2.000000000000000111e-01
2.000000000000000111e-01
2.000000000000000111e-01
2.000000000000000111e-01
2.000000000000000111e-01
2.000000000000000111e-01
2.000000000000000111e-01
2.000000000000000111e-01
2.000000000000000111e-01
2.000000000000000111e-01
2.000000000000000111e-01
2.139999999999999958e-01
2.338999999999999968e-01
2.541999999999999815e-01
2.778999999999999804e-01
2.827999999999999958e-01
2.805000000000000271e-01
2.906000000000000250e-01
3.176999999999999824e-01
3.482999999999999985e-01
3.679000000000000048e-01
3.829000000000000181e-01
4.038999999999999813e-01
4.303000000000000158e-01
4.641000000000000125e-01
4.983000000000000207e-01
5.231999999999999984e-01
5.500000000000000444e-01
5.687999999999999723e-01
5.842000000000000526e-01
6.044000000000000483e-01
6.208000000000000185e-01
6.289000000000000146e-01
6.431000000000000050e-01
6.654999999999999805e-01
6.908999999999999586e-01
7.203000000000000513e-01
7.534999999999999476e-01
7.832999999999999963e-01
8.048999999999999488e-01
8.235000000000000098e-01
8.440999999999999615e-01
8.590999999999999748e-01
8.745000000000000551e-01
8.947000000000000508e-01
9.192000000000000171e-01
9.385000000000000009e-01
9.647999999999999909e-01
9.909999999999999920e-01
1.011300000000000088e+00
1.032999999999999918e+00
1.051500000000000101e+00
1.065900000000000070e+00
1.078500000000000014e+00
1.092999999999999972e+00
1.105199999999999960e+00
1.117399999999999949e+00
1.128800000000000026e+00
1.142800000000000038e+00
1.154199999999999893e+00
1.164700000000000069e+00
1.176600000000000090e+00
1.186500000000000110e+00
1.194299999999999917e+00
1.203300000000000036e+00
1.211500000000000021e+00
1.220399999999999929e+00
1.226399999999999935e+00
1.230699999999999905e+00
1.235700000000000021e+00
1.239500000000000046e+00
1.242299999999999960e+00
1.244099999999999984e+00
1.244899999999999896e+00
1.244699999999999918e+00
1.243200000000000083e+00
1.240299999999999958e+00
1.235700000000000021e+00
1.230199999999999960e+00
1.225000000000000089e+00
1.218800000000000106e+00
1.209799999999999986e+00
1.196600000000000108e+00
1.179200000000000026e+00
1.159699999999999953e+00
1.138600000000000056e+00
1.115399999999999947e+00
1.088700000000000001e+00
1.057900000000000063e+00
1.033500000000000085e+00
1.007400000000000073e+00
9.728999999999999870e-01
9.355999999999999872e-01
9.122000000000000108e-01
8.904999999999999583e-01
8.631999999999999673e-01
8.313000000000000389e-01
8.060000000000000497e-01
7.820000000000000284e-01
7.510999999999999899e-01
7.185000000000000275e-01
6.791000000000000369e-01
6.262999999999999678e-01
5.695000000000000062e-01
5.060000000000000053e-01
4.495999999999999996e-01
3.967999999999999861e-01
3.452999999999999958e-01
2.987000000000000210e-01
2.508000000000000229e-01
2.016999999999999904e-01
2.000000000000000111e-01
2.000000000000000111e-01
2.000000000000000111e-01
2.000000000000000111e-01
2.000000000000000111e-01
2.000000000000000111e-01
2.000000000000000111e-01
2.000000000000000111e-01
2.000000000000000111e-01
2.000000000000000111e-01
2.000000000000000111e-01
2.000000000000000111e-01
2.000000000000000111e-01
2.000000000000000111e-01
2.000000000000000111e-01
2.000000000000000111e-01
2.000000000000000111e-01
2.000000000000000111e-01
2.000000000000000111e-01
2.000000000000000111e-01
2.000000000000000111e-01
2.000000000000000111e-01
2.000000000000000111e-01
2.000000000000000111e-01
2.000000000000000111e-01
2.000000000000000111e-01
2.000000000000000111e-01
2.000000000000000111e-01
2.000000000000000111e-01
2.000000000000000111e-01
2.000000000000000111e-01
2.000000000000000111e-01
2.000000000000000111e-01
2.000000000000000111e-01
2.000000000000000111e-01
2.000000000000000111e-01
2.000000000000000111e-01
2.000000000000000111e-01
2.000000000000000111e-01
2.000000000000000111e-01
2.000000000000000111e-01
2.000000000000000111e-01
2.030000000000000138e-01
2.195000000000000007e-01
2.383000000000000118e-01
2.580999999999999961e-01
2.802000000000000046e-01
3.028000000000000136e-01
3.316000000000000059e-01
3.711999999999999744e-01
4.119999999999999774e-01
4.551999999999999935e-01
4.865999999999999770e-01
5.092999999999999750e-01
5.278000000000000469e-01
5.590000000000000524e-01
5.875000000000000222e-01
6.241999999999999771e-01
6.530000000000000249e-01
6.767999999999999572e-01
6.959999999999999520e-01
7.157000000000000028e-01
7.399000000000000021e-01
7.718000000000000416e-01
8.012000000000000233e-01
8.283000000000000362e-01
8.536000000000000254e-01
8.735000000000000542e-01
8.901000000000000023e-01
9.123999999999999888e-01
9.375000000000000000e-01
9.676000000000000156e-01
9.867000000000000215e-01
1.005700000000000038e+00
1.032000000000000028e+00
1.057500000000000107e+00
1.083599999999999897e+00
1.107099999999999973e+00
1.127000000000000002e+00
1.146300000000000097e+00
1.164500000000000091e+00
1.171999999999999931e+00
1.179499999999999993e+00
1.188499999999999890e+00
1.194700000000000095e+00
1.199500000000000011e+00
1.203899999999999970e+00
1.207100000000000062e+00
1.212399999999999922e+00
1.219200000000000061e+00
1.226299999999999946e+00
1.233200000000000074e+00
1.237900000000000000e+00
1.241800000000000015e+00
1.244199999999999973e+00
1.244899999999999896e+00
1.243700000000000028e+00
1.240399999999999947e+00
1.236900000000000110e+00
1.234099999999999975e+00
1.230499999999999927e+00
1.225300000000000056e+00
1.217500000000000027e+00
1.207899999999999974e+00
1.196199999999999930e+00
1.181300000000000017e+00
1.162600000000000078e+00
1.147699999999999942e+00
1.131999999999999895e+00
1.112900000000000000e+00
1.092200000000000060e+00
1.070400000000000018e+00
1.047400000000000109e+00
1.020999999999999908e+00
9.952999999999999625e-01
9.725000000000000311e-01
9.425000000000000044e-01
9.074999999999999734e-01
8.669000000000000039e-01
8.206999999999999851e-01
7.763999999999999790e-01
7.270999999999999686e-01
6.886999999999999789e-01
6.641000000000000236e-01
6.385999999999999455e-01
6.111999999999999655e-01
5.759999999999999565e-01
5.260000000000000231e-01
4.788000000000000034e-01
4.284999999999999920e-01
3.738000000000000211e-01
3.202999999999999736e-01
2.667999999999999816e-01
2.116000000000000103e-01
2.000000000000000111e-01
2.000000000000000111e-01
2.000000000000000111e-01
2.000000000000000111e-01
2.000000000000000111e-01
2.000000000000000111e-01
2.000000000000000111e-01
2.000000000000000111e-01
2.000000000000000111e-01
2.000000000000000111e-01
2.000000000000000111e-01
2.000000000000000111e-01
2.000000000000000111e-01
2.000000000000000111e-01
2.000000000000000111e-01
2.000000000000000111e-01
2.000000000000000111e-01
2.000000000000000111e-01
2.000000000000000111e-01
2.000000000000000111e-01
2.000000000000000111e-01
2.000000000000000111e-01
2.000000000000000111e-01
2.000000000000000111e-01
2.000000000000000111e-01
2.000000000000000111e-01
2.000000000000000111e-01
2.000000000000000111e-01
2.000000000000000111e-01
2.000000000000000111e-01
2.000000000000000111e-01
2.000000000000000111e-01
2.000000000000000111e-01
2.000000000000000111e-01
2.000000000000000111e-01
2.000000000000000111e-01
2.000000000000000111e-01
2.000000000000000111e-01
2.000000000000000111e-01
2.000000000000000111e-01
2.000000000000000111e-01
2.000000000000000111e-01
2.000000000000000111e-01
2.000000000000000111e-01
2.000000000000000111e-01
2.000000000000000111e-01
2.000000000000000111e-01
2.000000000000000111e-01
2.000000000000000111e-01
2.000000000000000111e-01
2.000000000000000111e-01
2.000000000000000111e-01
2.000000000000000111e-01
2.000000000000000111e-01
2.000000000000000111e-01
2.000000000000000111e-01
2.000000000000000111e-01
2.000000000000000111e-01
2.000000000000000111e-01
2.000000000000000111e-01
2.000000000000000111e-01
2.000000000000000111e-01
2.000000000000000111e-01
2.000000000000000111e-01
2.000000000000000111e-01
2.000000000000000111e-01
2.000000000000000111e-01
2.000000000000000111e-01
2.000000000000000111e-01
2.124000000000000055e-01
2.313000000000000056e-01
2.429999999999999938e-01
2.474999999999999978e-01
2.550000000000000044e-01
2.594000000000000195e-01
2.649000000000000243e-01
2.771000000000000130e-01
2.893000000000000016e-01
2.985999999999999766e-01
3.123000000000000220e-01
3.318999999999999728e-01
3.494999999999999774e-01
3.748000000000000220e-01
4.041000000000000147e-01
4.264999999999999902e-01
4.442999999999999727e-01
4.623999999999999777e-01
4.853000000000000091e-01
5.106000000000000538e-01
5.280000000000000249e-01
5.473000000000000087e-01
5.695000000000000062e-01
5.921999999999999487e-01
6.138000000000000123e-01
6.183999999999999497e-01
6.309000000000000163e-01
6.550000000000000266e-01
6.796999999999999709e-01
6.945000000000000062e-01
7.178999999999999826e-01
7.429000000000000048e-01
7.604999999999999538e-01
7.747000000000000552e-01
7.840000000000000302e-01
7.931000000000000272e-01
8.080000000000000515e-01
8.296999999999999931e-01
8.534000000000000474e-01
8.789000000000000146e-01
9.075999999999999623e-01
9.284999999999999920e-01
9.459999999999999520e-01
9.690999999999999615e-01
9.867000000000000215e-01
1.003700000000000037e+00
1.024499999999999966e+00
1.044100000000000028e+00
1.062699999999999978e+00
1.080300000000000038e+00
1.094300000000000050e+00
1.110700000000000021e+00
1.128400000000000070e+00
1.145799999999999930e+00
1.162500000000000089e+00
1.181300000000000017e+00
1.197899999999999965e+00
1.211999999999999966e+00
1.223300000000000054e+00
1.230199999999999960e+00
1.235300000000000065e+00
1.239600000000000035e+00
1.243000000000000105e+00
1.244899999999999896e+00
1.244199999999999973e+00
1.240599999999999925e+00
1.234199999999999964e+00
1.225100000000000078e+00
1.212900000000000089e+00
1.197699999999999987e+00
1.180399999999999894e+00
1.164099999999999913e+00
1.154900000000000038e+00
1.143499999999999961e+00
1.128100000000000103e+00
1.106600000000000028e+00
1.083499999999999908e+00
1.059800000000000075e+00
1.031700000000000061e+00
1.002099999999999991e+00
9.697999999999999954e-01
9.344000000000000083e-01
9.034999999999999698e-01
8.769000000000000128e-01
8.499999999999999778e-01
8.213000000000000300e-01
7.892000000000000126e-01
7.517000000000000348e-01
7.073000000000000398e-01
6.568000000000000504e-01
6.025000000000000355e-01
5.504999999999999893e-01
4.991999999999999771e-01
4.485000000000000098e-01
4.041000000000000147e-01
3.572000000000000175e-01
3.035999999999999810e-01
2.389999999999999902e-01
2.000000000000000111e-01
2.000000000000000111e-01
2.000000000000000111e-01
2.000000000000000111e-01
2.000000000000000111e-01
2.000000000000000111e-01
2.000000000000000111e-01
2.000000000000000111e-01
2.000000000000000111e-01
2.000000000000000111e-01
2.000000000000000111e-01
2.000000000000000111e-01
2.000000000000000111e-01
2.000000000000000111e-01
2.000000000000000111e-01
2.000000000000000111e-01
2.000000000000000111e-01
2.000000000000000111e-01
2.000000000000000111e-01
2.000000000000000111e-01
2.000000000000000111e-01
2.000000000000000111e-01
2.000000000000000111e-01
2.000000000000000111e-01
2.000000000000000111e-01
2.000000000000000111e-01
2.000000000000000111e-01
2.000000000000000111e-01
2.000000000000000111e-01
2.000000000000000111e-01
2.000000000000000111e-01
2.000000000000000111e-01
2.000000000000000111e-01
2.000000000000000111e-01
2.000000000000000111e-01
2.000000000000000111e-01
2.000000000000000111e-01
2.000000000000000111e-01
2.000000000000000111e-01
2.000000000000000111e-01
2.000000000000000111e-01
2.000000000000000111e-01
2.000000000000000111e-01
2.000000000000000111e-01
2.000000000000000111e-01
2.000000000000000111e-01
2.000000000000000111e-01
2.000000000000000111e-01
2.000000000000000111e-01
2.000000000000000111e-01
2.000000000000000111e-01
2.000000000000000111e-01
2.000000000000000111e-01
2.000000000000000111e-01
2.000000000000000111e-01
2.000000000000000111e-01
2.000000000000000111e-01
2.034999999999999865e-01
2.212999999999999967e-01
2.315000000000000113e-01
2.356999999999999929e-01
2.414000000000000035e-01
2.510999999999999899e-01
2.697999999999999843e-01
2.959999999999999853e-01
3.181999999999999829e-01
3.411000000000000143e-01
3.645999999999999797e-01
3.937999999999999834e-01
4.177000000000000157e-01
4.333000000000000185e-01
4.521999999999999909e-01
4.722999999999999976e-01
4.949000000000000066e-01
5.210000000000000187e-01
5.552000000000000268e-01
5.881999999999999451e-01
6.183999999999999497e-01
6.349000000000000199e-01
6.548000000000000487e-01
6.794999999999999929e-01
7.065000000000000169e-01
7.370999999999999774e-01
7.642999999999999794e-01
7.840000000000000302e-01
8.070000000000000506e-01
8.233000000000000318e-01
8.425000000000000266e-01
8.656000000000000361e-01
8.878000000000000336e-01
9.104999999999999760e-01
9.323000000000000176e-01
9.526999999999999913e-01
9.736000000000000210e-01
9.915000000000000480e-01
1.003400000000000070e+00
1.015900000000000025e+00
1.032999999999999918e+00
1.052799999999999958e+00
1.068500000000000005e+00
1.085099999999999953e+00
1.099699999999999900e+00
1.115699999999999914e+00
1.129199999999999982e+00
1.137299999999999978e+00
1.147799999999999931e+00
1.159499999999999975e+00
1.168500000000000094e+00
1.178900000000000059e+00
1.190199999999999925e+00
1.200900000000000079e+00
1.210099999999999953e+00
1.218699999999999894e+00
1.226799999999999891e+00
1.234699999999999909e+00
1.239000000000000101e+00
1.242399999999999949e+00
1.244699999999999918e+00
1.244699999999999918e+00
1.243000000000000105e+00
1.239100000000000090e+00
1.233700000000000019e+00
1.227500000000000036e+00
1.218499999999999917e+00
1.209300000000000042e+00
1.198299999999999921e+00
1.184299999999999908e+00
1.170900000000000052e+00
1.153899999999999926e+00
1.131599999999999939e+00
1.104000000000000092e+00
1.075499999999999901e+00
1.046999999999999931e+00
1.022699999999999942e+00
9.950999999999999845e-01
9.704000000000000403e-01
9.455999999999999961e-01
9.212000000000000188e-01
9.009000000000000341e-01
8.717000000000000304e-01
8.266000000000000014e-01
7.870000000000000329e-01
7.508000000000000229e-01
7.036999999999999922e-01
6.508000000000000451e-01
5.961999999999999522e-01
5.305999999999999606e-01
4.747999999999999998e-01
4.133000000000000007e-01
3.492000000000000104e-01
2.847000000000000086e-01
2.116000000000000103e-01
2.000000000000000111e-01
2.000000000000000111e-01
2.000000000000000111e-01
2.000000000000000111e-01
2.000000000000000111e-01
2.000000000000000111e-01
2.000000000000000111e-01
2.000000000000000111e-01
2.000000000000000111e-01
2.000000000000000111e-01
2.000000000000000111e-01
2.000000000000000111e-01
2.000000000000000111e-01
2.000000000000000111e-01
2.000000000000000111e-01
2.000000000000000111e-01
2.000000000000000111e-01
2.000000000000000111e-01
2.000000000000000111e-01
2.000000000000000111e-01
2.000000000000000111e-01
2.000000000000000111e-01
2.000000000000000111e-01
2.000000000000000111e-01
2.000000000000000111e-01
2.000000000000000111e-01
2.000000000000000111e-01
2.000000000000000111e-01
2.000000000000000111e-01
2.000000000000000111e-01
2.000000000000000111e-01
2.000000000000000111e-01
2.000000000000000111e-01
2.000000000000000111e-01
2.000000000000000111e-01
2.000000000000000111e-01
2.000000000000000111e-01
2.000000000000000111e-01
2.000000000000000111e-01
2.000000000000000111e-01
2.000000000000000111e-01
2.000000000000000111e-01
2.000000000000000111e-01
2.000000000000000111e-01
2.000000000000000111e-01
2.000000000000000111e-01
2.000000000000000111e-01
2.000000000000000111e-01
2.000000000000000111e-01
2.000000000000000111e-01
2.000000000000000111e-01
2.000000000000000111e-01
2.043000000000000094e-01
2.353999999999999981e-01
2.617999999999999772e-01
2.675000000000000155e-01
2.713999999999999746e-01
2.800000000000000266e-01
2.867000000000000104e-01
2.932000000000000162e-01
3.096999999999999753e-01
3.301000000000000045e-01
3.562000000000000166e-01
3.875000000000000111e-01
4.244999999999999885e-01
4.681000000000000161e-01
4.853000000000000091e-01
5.041999999999999815e-01
5.296999999999999487e-01
5.614000000000000101e-01
5.856000000000000094e-01
6.109999999999999876e-01
6.444999999999999618e-01
6.811000000000000387e-01
7.139999999999999680e-01
7.345000000000000417e-01
7.618000000000000327e-01
7.872999999999999998e-01
8.104999999999999982e-01
8.376000000000000112e-01
8.701999999999999735e-01
9.045999999999999597e-01
9.203000000000000069e-01
9.327999999999999625e-01
9.451000000000000512e-01
9.680999999999999606e-01
9.871999999999999664e-01
1.002099999999999991e+00
1.018399999999999972e+00
1.033800000000000052e+00
1.049400000000000110e+00
1.064999999999999947e+00
1.080100000000000060e+00
1.094999999999999973e+00
1.106100000000000083e+00
1.114200000000000079e+00
1.126300000000000079e+00
1.139499999999999957e+00
1.155599999999999961e+00
1.171999999999999931e+00
1.180700000000000083e+00
1.188099999999999934e+00
1.197500000000000009e+00
1.208700000000000108e+00
1.217600000000000016e+00
1.226099999999999968e+00
1.232199999999999962e+00
1.237200000000000077e+00
1.241200000000000081e+00
1.243999999999999995e+00
1.245000000000000107e+00
1.243800000000000017e+00
1.240599999999999925e+00
1.236699999999999910e+00
1.232699999999999907e+00
1.226900000000000102e+00
1.218699999999999894e+00
1.209100000000000064e+00
1.194800000000000084e+00
1.185300000000000020e+00
1.177100000000000035e+00
1.166400000000000103e+00
1.152600000000000069e+00
1.136500000000000066e+00
1.123199999999999976e+00
1.102300000000000058e+00
1.083099999999999952e+00
1.072699999999999987e+00
1.051399999999999890e+00
1.023099999999999898e+00
9.922999999999999599e-01
9.648999999999999799e-01
9.316999999999999726e-01
8.980000000000000204e-01
8.693999999999999506e-01
8.477000000000000091e-01
8.196999999999999842e-01
7.820000000000000284e-01
7.517000000000000348e-01
7.240999999999999659e-01
6.868999999999999551e-01
6.564999999999999725e-01
6.217000000000000304e-01
5.766000000000000014e-01
5.271000000000000130e-01
4.784999999999999809e-01
4.193999999999999950e-01
3.634999999999999898e-01
3.195000000000000062e-01
2.730000000000000204e-01
2.210000000000000020e-01
2.000000000000000111e-01
2.000000000000000111e-01
2.000000000000000111e-01
2.000000000000000111e-01
2.000000000000000111e-01
2.000000000000000111e-01
2.000000000000000111e-01
2.000000000000000111e-01
2.000000000000000111e-01
2.000000000000000111e-01
2.000000000000000111e-01
2.000000000000000111e-01
2.000000000000000111e-01
2.000000000000000111e-01
2.000000000000000111e-01
2.000000000000000111e-01
2.000000000000000111e-01
2.000000000000000111e-01
2.000000000000000111e-01
2.000000000000000111e-01
2.000000000000000111e-01
2.000000000000000111e-01
2.000000000000000111e-01
2.000000000000000111e-01
2.000000000000000111e-01
2.000000000000000111e-01
2.000000000000000111e-01
2.000000000000000111e-01
2.000000000000000111e-01
2.000000000000000111e-01
2.000000000000000111e-01
2.000000000000000111e-01
2.000000000000000111e-01
2.000000000000000111e-01
2.000000000000000111e-01
2.000000000000000111e-01
2.000000000000000111e-01
2.000000000000000111e-01
2.000000000000000111e-01
2.000000000000000111e-01
2.000000000000000111e-01
2.000000000000000111e-01
2.000000000000000111e-01
2.000000000000000111e-01
2.000000000000000111e-01
2.000000000000000111e-01
2.000000000000000111e-01
2.000000000000000111e-01
2.000000000000000111e-01
2.000000000000000111e-01
2.000000000000000111e-01
2.000000000000000111e-01
2.000000000000000111e-01
2.000000000000000111e-01
2.000000000000000111e-01
2.000000000000000111e-01
2.000000000000000111e-01
2.000000000000000111e-01
2.000000000000000111e-01
2.000000000000000111e-01
2.000000000000000111e-01
2.000000000000000111e-01
2.000000000000000111e-01
2.000000000000000111e-01
2.000000000000000111e-01
2.011000000000000010e-01
2.280999999999999972e-01
2.567999999999999727e-01
2.817999999999999949e-01
3.081999999999999740e-01
3.336999999999999966e-01
3.620999999999999774e-01
3.755000000000000004e-01
3.912999999999999812e-01
4.093999999999999861e-01
4.423000000000000265e-01
4.729999999999999760e-01
4.934000000000000052e-01
5.169000000000000261e-01
5.417999999999999483e-01
5.695000000000000062e-01
6.018999999999999906e-01
6.358000000000000318e-01
6.770000000000000462e-01
7.062000000000000499e-01
7.365000000000000435e-01
7.718000000000000416e-01
7.907999999999999474e-01
8.048999999999999488e-01
8.189999999999999503e-01
8.313000000000000389e-01
8.524000000000000465e-01
8.667000000000000259e-01
8.877000000000000446e-01
9.114999999999999769e-01
9.310000000000000497e-01
9.445999999999999952e-01
9.637999999999999901e-01
9.812999999999999501e-01
1.000999999999999890e+00
1.024499999999999966e+00
1.050499999999999989e+00
1.075599999999999890e+00
1.100700000000000012e+00
1.120900000000000007e+00
1.139499999999999957e+00
1.154900000000000038e+00
1.170199999999999907e+00
1.186500000000000110e+00
1.197000000000000064e+00
1.203300000000000036e+00
1.210900000000000087e+00
1.218499999999999917e+00
1.226199999999999957e+00
1.233999999999999986e+00
1.239400000000000057e+00
1.243200000000000083e+00
1.244899999999999896e+00
1.244699999999999918e+00
1.243100000000000094e+00
1.240199999999999969e+00
1.237800000000000011e+00
1.235700000000000021e+00
1.230499999999999927e+00
1.223799999999999999e+00
1.215300000000000047e+00
1.203699999999999992e+00
1.192800000000000082e+00
1.182500000000000107e+00
1.168500000000000094e+00
1.151799999999999935e+00
1.136800000000000033e+00
1.125799999999999912e+00
1.108999999999999986e+00
1.089699999999999891e+00
1.066899999999999959e+00
1.039900000000000047e+00
1.009700000000000042e+00
9.796000000000000263e-01
9.439999999999999503e-01
9.051000000000000156e-01
8.746000000000000441e-01
8.525000000000000355e-01
8.242000000000000437e-01
7.853999999999999870e-01
7.402999999999999581e-01
6.926999999999999824e-01
6.343999999999999639e-01
5.776999999999999913e-01
5.078000000000000291e-01
4.541000000000000036e-01
4.220999999999999752e-01
3.890000000000000124e-01
3.459999999999999742e-01
3.069000000000000061e-01
2.511999999999999789e-01
2.016999999999999904e-01
2.000000000000000111e-01
2.000000000000000111e-01
2.000000000000000111e-01
2.000000000000000111e-01
2.000000000000000111e-01
2.000000000000000111e-01
2.000000000000000111e-01
2.000000000000000111e-01
2.000000000000000111e-01
2.000000000000000111e-01
2.000000000000000111e-01
2.000000000000000111e-01
2.000000000000000111e-01
2.000000000000000111e-01
2.000000000000000111e-01
2.000000000000000111e-01
2.000000000000000111e-01
2.000000000000000111e-01
2.000000000000000111e-01
2.000000000000000111e-01
2.000000000000000111e-01
2.000000000000000111e-01
2.000000000000000111e-01
2.000000000000000111e-01
2.000000000000000111e-01
2.000000000000000111e-01
2.000000000000000111e-01
2.000000000000000111e-01
2.000000000000000111e-01
2.000000000000000111e-01
2.000000000000000111e-01
2.000000000000000111e-01
2.000000000000000111e-01
2.000000000000000111e-01
2.000000000000000111e-01
2.000000000000000111e-01
2.000000000000000111e-01
2.000000000000000111e-01
2.000000000000000111e-01
2.000000000000000111e-01
2.000000000000000111e-01
2.000000000000000111e-01
2.000000000000000111e-01
2.000000000000000111e-01
2.000000000000000111e-01
2.000000000000000111e-01
2.000000000000000111e-01
2.000000000000000111e-01
2.000000000000000111e-01
2.000000000000000111e-01
2.000000000000000111e-01
2.000000000000000111e-01
2.000000000000000111e-01
2.000000000000000111e-01
2.000000000000000111e-01
2.000000000000000111e-01
2.000000000000000111e-01
2.000000000000000111e-01
2.000000000000000111e-01
2.000000000000000111e-01
2.003000000000000058e-01
2.048000000000000098e-01
2.205000000000000016e-01
2.487999999999999934e-01
2.691000000000000059e-01
2.874999999999999778e-01
3.029999999999999916e-01
3.230999999999999983e-01
3.447000000000000064e-01
3.739999999999999991e-01
4.053999999999999826e-01
4.308000000000000163e-01
4.643999999999999795e-01
5.061999999999999833e-01
5.463999999999999968e-01
5.770999999999999464e-01
6.062999999999999501e-01
6.322999999999999732e-01
6.459000000000000297e-01
6.582000000000000073e-01
6.784000000000000030e-01
7.028999999999999693e-01
7.288000000000000034e-01
7.580000000000000071e-01
7.914999999999999813e-01
8.143000000000000238e-01
8.387999999999999901e-01
8.639999999999999902e-01
8.888000000000000345e-01
9.131000000000000227e-01
9.296999999999999709e-01
9.394000000000000128e-01
9.510999999999999455e-01
9.676000000000000156e-01
9.837000000000000188e-01
9.989000000000000101e-01
1.014799999999999924e+00
1.032000000000000028e+00
1.045099999999999918e+00
1.061500000000000110e+00
1.079900000000000082e+00
1.095199999999999951e+00
1.111099999999999977e+00
1.120000000000000107e+00
1.132100000000000106e+00
1.139799999999999924e+00
1.147999999999999909e+00
1.162099999999999911e+00
1.173799999999999955e+00
1.183499999999999996e+00
1.193899999999999961e+00
1.205999999999999961e+00
1.217400000000000038e+00
1.226099999999999968e+00
1.233700000000000019e+00
1.239000000000000101e+00
1.242199999999999971e+00
1.244199999999999973e+00
1.244899999999999896e+00
1.244699999999999918e+00
1.243800000000000017e+00
1.242799999999999905e+00
1.240699999999999914e+00
1.236699999999999910e+00
1.229400000000000048e+00
1.221200000000000063e+00
1.211200000000000054e+00
1.199200000000000044e+00
1.184900000000000064e+00
1.172700000000000076e+00
1.157599999999999962e+00
1.138900000000000023e+00
1.119899999999999896e+00
1.096799999999999997e+00
1.067900000000000071e+00
1.040200000000000014e+00
1.016299999999999981e+00
9.868000000000000105e-01
9.590999999999999526e-01
9.294999999999999929e-01
8.951000000000000068e-01
8.659000000000000030e-01
8.460999999999999632e-01
8.169999999999999485e-01
7.890000000000000346e-01
7.608000000000000318e-01
7.282999999999999474e-01
6.895999999999999908e-01
6.653999999999999915e-01
6.409000000000000252e-01
5.971999999999999531e-01
5.598999999999999533e-01
5.145999999999999464e-01
4.485000000000000098e-01
3.991000000000000103e-01
3.472000000000000086e-01
2.829999999999999738e-01
2.504000000000000115e-01
2.179999999999999993e-01
2.000000000000000111e-01
2.000000000000000111e-01
2.000000000000000111e-01
2.000000000000000111e-01
2.000000000000000111e-01
2.000000000000000111e-01
2.000000000000000111e-01
2.000000000000000111e-01
2.000000000000000111e-01
2.000000000000000111e-01
2.000000000000000111e-01
2.000000000000000111e-01
2.000000000000000111e-01
2.000000000000000111e-01
2.000000000000000111e-01
2.000000000000000111e-01
2.000000000000000111e-01
2.000000000000000111e-01
2.000000000000000111e-01
2.000000000000000111e-01
2.000000000000000111e-01
2.000000000000000111e-01
2.000000000000000111e-01
2.000000000000000111e-01
2.000000000000000111e-01
2.000000000000000111e-01
2.000000000000000111e-01
2.000000000000000111e-01
2.000000000000000111e-01
2.000000000000000111e-01
2.000000000000000111e-01
2.000000000000000111e-01
2.000000000000000111e-01
2.000000000000000111e-01
2.000000000000000111e-01
2.000000000000000111e-01
2.000000000000000111e-01
2.000000000000000111e-01
2.000000000000000111e-01
2.000000000000000111e-01
2.053000000000000103e-01
2.250000000000000056e-01
2.451000000000000123e-01
2.682999999999999829e-01
2.933999999999999941e-01
3.186999999999999833e-01
3.538999999999999924e-01
3.880000000000000115e-01
4.114999999999999769e-01
4.293000000000000149e-01
4.672999999999999932e-01
5.047000000000000375e-01
5.453999999999999959e-01
5.770999999999999464e-01
6.026000000000000245e-01
6.253999999999999559e-01
6.489000000000000323e-01
6.733999999999999986e-01
6.939999999999999503e-01
7.200999999999999623e-01
7.532999999999999696e-01
7.860000000000000320e-01
8.123000000000000220e-01
8.305000000000000160e-01
8.498999999999999888e-01
8.696000000000000396e-01
8.971000000000000085e-01
9.255999999999999783e-01
9.453000000000000291e-01
9.714000000000000412e-01
9.983999999999999542e-01
1.019500000000000073e+00
1.041500000000000092e+00
1.064500000000000002e+00
1.086699999999999999e+00
1.108600000000000030e+00
1.120600000000000041e+00
1.130200000000000093e+00
1.143899999999999917e+00
1.158400000000000096e+00
1.167399999999999993e+00
1.174800000000000066e+00
1.179200000000000026e+00
1.185300000000000020e+00
1.193100000000000049e+00
1.201600000000000001e+00
1.210299999999999931e+00
1.218699999999999894e+00
1.226399999999999935e+00
1.232900000000000107e+00
1.238399999999999945e+00
1.242499999999999938e+00
1.244599999999999929e+00
1.244799999999999907e+00
1.243900000000000006e+00
1.242199999999999971e+00
1.239800000000000013e+00
1.235800000000000010e+00
1.230499999999999927e+00
1.223899999999999988e+00
1.214900000000000091e+00
1.202199999999999935e+00
1.188700000000000090e+00
1.177499999999999991e+00
1.162900000000000045e+00
1.147599999999999953e+00
1.129999999999999893e+00
1.110100000000000087e+00
1.085900000000000087e+00
1.058000000000000052e+00
1.034599999999999964e+00
1.011100000000000110e+00
9.808000000000000052e-01
9.455999999999999961e-01
9.030000000000000249e-01
8.566000000000000281e-01
8.051000000000000378e-01
7.530999999999999917e-01
7.109999999999999654e-01
6.784999999999999920e-01
6.494999999999999662e-01
6.055000000000000382e-01
5.504999999999999893e-01
4.912000000000000255e-01
4.360999999999999877e-01
3.773000000000000242e-01
3.138000000000000234e-01
2.545999999999999930e-01
2.000000000000000111e-01
2.000000000000000111e-01
2.000000000000000111e-01
2.000000000000000111e-01
2.000000000000000111e-01
2.000000000000000111e-01
2.000000000000000111e-01
2.000000000000000111e-01
2.000000000000000111e-01
2.000000000000000111e-01
2.000000000000000111e-01
2.000000000000000111e-01
2.000000000000000111e-01
2.000000000000000111e-01
2.000000000000000111e-01
2.000000000000000111e-01
2.000000000000000111e-01
2.000000000000000111e-01
2.000000000000000111e-01
2.000000000000000111e-01
2.000000000000000111e-01
2.000000000000000111e-01
2.000000000000000111e-01
2.000000000000000111e-01
2.000000000000000111e-01
2.000000000000000111e-01
2.000000000000000111e-01
2.000000000000000111e-01
2.000000000000000111e-01
2.000000000000000111e-01
2.000000000000000111e-01
2.000000000000000111e-01
2.000000000000000111e-01
2.000000000000000111e-01
2.000000000000000111e-01
2.000000000000000111e-01
2.000000000000000111e-01
2.000000000000000111e-01
2.000000000000000111e-01
2.000000000000000111e-01
2.000000000000000111e-01
2.000000000000000111e-01
2.000000000000000111e-01
2.000000000000000111e-01
2.000000000000000111e-01
2.000000000000000111e-01
2.000000000000000111e-01
2.000000000000000111e-01
2.000000000000000111e-01
2.000000000000000111e-01
2.000000000000000111e-01
2.000000000000000111e-01
2.000000000000000111e-01
2.000000000000000111e-01
2.000000000000000111e-01
2.000000000000000111e-01
2.000000000000000111e-01
2.000000000000000111e-01
2.000000000000000111e-01
2.000000000000000111e-01
2.000000000000000111e-01
2.000000000000000111e-01
2.000000000000000111e-01
2.000000000000000111e-01
2.000000000000000111e-01
2.000000000000000111e-01
2.000000000000000111e-01
2.000000000000000111e-01
2.000000000000000111e-01
2.000000000000000111e-01
2.000000000000000111e-01
2.000000000000000111e-01
2.094999999999999918e-01
2.492999999999999938e-01
2.723999999999999755e-01
2.792000000000000037e-01
2.708999999999999742e-01
2.706000000000000072e-01
2.671999999999999931e-01
2.730000000000000204e-01
2.872000000000000108e-01
3.045999999999999819e-01
3.316000000000000059e-01
3.521000000000000241e-01
3.733000000000000207e-01
3.981000000000000094e-01
4.319999999999999951e-01
4.687999999999999945e-01
5.112999999999999767e-01
5.594999999999999973e-01
6.018999999999999906e-01
6.332999999999999741e-01
6.522999999999999909e-01
6.693000000000000060e-01
6.813000000000000167e-01
6.928999999999999604e-01
7.070999999999999508e-01
7.272999999999999465e-01
7.477000000000000313e-01
7.791000000000000147e-01
8.204000000000000181e-01
8.556000000000000272e-01
8.794999999999999485e-01
9.034999999999999698e-01
9.244999999999999885e-01
9.435000000000000053e-01
9.639999999999999680e-01
9.868999999999999995e-01
1.016499999999999959e+00
1.040599999999999969e+00
1.056300000000000017e+00
1.075900000000000079e+00
1.100800000000000001e+00
1.124200000000000088e+00
1.146700000000000053e+00
1.167300000000000004e+00
1.185100000000000042e+00
1.201100000000000056e+00
1.214800000000000102e+00
1.224299999999999944e+00
1.231400000000000050e+00
1.236299999999999955e+00
1.240299999999999958e+00
1.243500000000000050e+00
1.244799999999999907e+00
1.244699999999999918e+00
1.242599999999999927e+00
1.239200000000000079e+00
1.234499999999999931e+00
1.227800000000000002e+00
1.218299999999999939e+00
1.205500000000000016e+00
1.192499999999999893e+00
1.176600000000000090e+00
1.165399999999999991e+00
1.153899999999999926e+00
1.135399999999999965e+00
1.114400000000000057e+00
1.092000000000000082e+00
1.069700000000000095e+00
1.043800000000000061e+00
1.017400000000000082e+00
9.889999999999999902e-01
9.568999999999999728e-01
9.186999999999999611e-01
8.749000000000000110e-01
8.342000000000000526e-01
7.859000000000000430e-01
7.286000000000000254e-01
6.734999999999999876e-01
6.150999999999999801e-01
5.661000000000000476e-01
5.092999999999999750e-01
4.440000000000000058e-01
3.827999999999999736e-01
3.499999999999999778e-01
3.039999999999999925e-01
2.439999999999999947e-01
2.000000000000000111e-01
2.000000000000000111e-01
2.000000000000000111e-01
2.000000000000000111e-01
2.000000000000000111e-01
2.000000000000000111e-01
2.000000000000000111e-01
2.000000000000000111e-01
2.000000000000000111e-01
2.000000000000000111e-01
2.000000000000000111e-01
2.000000000000000111e-01
2.000000000000000111e-01
2.000000000000000111e-01
2.000000000000000111e-01
2.000000000000000111e-01
2.000000000000000111e-01
2.000000000000000111e-01
2.000000000000000111e-01
2.000000000000000111e-01
2.000000000000000111e-01
2.000000000000000111e-01
2.000000000000000111e-01
2.000000000000000111e-01
2.000000000000000111e-01
2.000000000000000111e-01
2.000000000000000111e-01
2.000000000000000111e-01
2.000000000000000111e-01
2.000000000000000111e-01
2.000000000000000111e-01
2.000000000000000111e-01
2.000000000000000111e-01
2.000000000000000111e-01
2.000000000000000111e-01
2.000000000000000111e-01
2.000000000000000111e-01
2.000000000000000111e-01
2.000000000000000111e-01
2.000000000000000111e-01
2.000000000000000111e-01
2.000000000000000111e-01
2.000000000000000111e-01
2.000000000000000111e-01
2.000000000000000111e-01
2.000000000000000111e-01
2.000000000000000111e-01
2.000000000000000111e-01
2.000000000000000111e-01
2.000000000000000111e-01
2.000000000000000111e-01
2.000000000000000111e-01
2.000000000000000111e-01
2.000000000000000111e-01
2.000000000000000111e-01
2.000000000000000111e-01
2.000000000000000111e-01
2.000000000000000111e-01
2.000000000000000111e-01
2.000000000000000111e-01
2.000000000000000111e-01
2.000000000000000111e-01
2.000000000000000111e-01
2.000000000000000111e-01
2.000000000000000111e-01
2.000000000000000111e-01
2.000000000000000111e-01
2.000000000000000111e-01
2.197000000000000064e-01
2.429999999999999938e-01
2.570999999999999952e-01
2.639000000000000234e-01
2.762999999999999901e-01
2.889999999999999791e-01
3.108000000000000207e-01
3.370000000000000218e-01
3.623000000000000109e-01
3.815999999999999948e-01
4.063999999999999835e-01
4.390000000000000013e-01
4.769999999999999796e-01
5.096000000000000529e-01
5.364999999999999769e-01
5.652000000000000357e-01
5.934000000000000385e-01
6.126000000000000334e-01
6.316000000000000503e-01
6.532000000000000028e-01
6.667999999999999483e-01
6.794999999999999929e-01
6.968999999999999639e-01
7.227000000000000091e-01
7.509000000000000119e-01
7.836999999999999522e-01
8.075999999999999845e-01
8.250999999999999446e-01
8.428999999999999826e-01
8.610999999999999766e-01
8.737000000000000322e-01
8.881999999999999895e-01
9.072000000000000064e-01
9.310000000000000497e-01
9.557999999999999829e-01
9.799999999999999822e-01
1.006999999999999895e+00
1.029800000000000049e+00
1.050999999999999934e+00
1.073800000000000088e+00
1.088500000000000023e+00
1.096700000000000008e+00
1.106800000000000006e+00
1.114999999999999991e+00
1.125999999999999890e+00
1.135499999999999954e+00
1.149399999999999977e+00
1.162199999999999900e+00
1.172700000000000076e+00
1.183499999999999996e+00
1.192299999999999915e+00
1.199200000000000044e+00
1.207600000000000007e+00
1.215600000000000014e+00
1.223400000000000043e+00
1.230099999999999971e+00
1.233999999999999986e+00
1.237600000000000033e+00
1.241000000000000103e+00
1.243600000000000039e+00
1.244799999999999907e+00
1.244899999999999896e+00
1.243900000000000006e+00
1.241900000000000004e+00
1.237999999999999989e+00
1.231200000000000072e+00
1.222900000000000098e+00
1.214599999999999902e+00
1.207799999999999985e+00
1.198700000000000099e+00
1.186099999999999932e+00
1.169699999999999962e+00
1.149499999999999966e+00
1.129699999999999926e+00
1.106800000000000006e+00
1.081900000000000084e+00
1.051299999999999901e+00
1.022699999999999942e+00
9.969000000000000083e-01
9.650999999999999579e-01
9.298999999999999488e-01
9.028000000000000469e-01
8.739000000000000101e-01
8.495000000000000329e-01
8.139999999999999458e-01
7.801000000000000156e-01
7.510999999999999899e-01
7.199999999999999734e-01
6.850000000000000533e-01
6.395999999999999464e-01
5.875000000000000222e-01
5.217000000000000526e-01
4.536999999999999922e-01
3.901999999999999913e-01
3.296000000000000041e-01
2.667999999999999816e-01
2.011999999999999900e-01
2.000000000000000111e-01
2.000000000000000111e-01
2.000000000000000111e-01
2.000000000000000111e-01
2.000000000000000111e-01
2.000000000000000111e-01
2.000000000000000111e-01
2.000000000000000111e-01
2.000000000000000111e-01
2.000000000000000111e-01
2.000000000000000111e-01
2.000000000000000111e-01
2.000000000000000111e-01
2.000000000000000111e-01
2.000000000000000111e-01
2.000000000000000111e-01
2.000000000000000111e-01
2.000000000000000111e-01
2.000000000000000111e-01
2.000000000000000111e-01
2.000000000000000111e-01
2.000000000000000111e-01
2.000000000000000111e-01
2.000000000000000111e-01
2.000000000000000111e-01
2.000000000000000111e-01
2.000000000000000111e-01
2.000000000000000111e-01
2.000000000000000111e-01
2.000000000000000111e-01
2.000000000000000111e-01
2.000000000000000111e-01
2.000000000000000111e-01
2.000000000000000111e-01
2.000000000000000111e-01
2.000000000000000111e-01
2.000000000000000111e-01
2.000000000000000111e-01
2.000000000000000111e-01
2.000000000000000111e-01
2.000000000000000111e-01
2.000000000000000111e-01
2.000000000000000111e-01
2.000000000000000111e-01
2.000000000000000111e-01
2.000000000000000111e-01
2.000000000000000111e-01
2.000000000000000111e-01
2.000000000000000111e-01
2.000000000000000111e-01
2.000000000000000111e-01
2.000000000000000111e-01
2.000000000000000111e-01
2.000000000000000111e-01
2.000000000000000111e-01
2.000000000000000111e-01
2.000000000000000111e-01
2.000000000000000111e-01
2.000000000000000111e-01
2.000000000000000111e-01
2.074000000000000010e-01
2.144999999999999962e-01
2.291999999999999871e-01
2.464000000000000079e-01
2.500999999999999890e-01
2.505999999999999894e-01
2.442999999999999894e-01
2.429999999999999938e-01
2.482000000000000040e-01
2.615000000000000102e-01
2.817999999999999949e-01
3.034999999999999920e-01
3.210999999999999965e-01
3.416000000000000147e-01
3.628000000000000114e-01
3.859000000000000208e-01
4.043999999999999817e-01
4.218000000000000083e-01
4.329999999999999960e-01
4.440000000000000058e-01
4.636000000000000121e-01
4.954000000000000070e-01
5.202999999999999847e-01
5.373999999999999888e-01
5.494999999999999885e-01
5.585999999999999854e-01
5.725999999999999979e-01
5.919999999999999707e-01
6.168000000000000149e-01
6.361999999999999877e-01
6.604999999999999760e-01
6.884000000000000119e-01
7.205000000000000293e-01
7.500000000000000000e-01
7.768000000000000460e-01
8.067999999999999616e-01
8.381999999999999451e-01
8.687000000000000277e-01
8.948000000000000398e-01
9.109000000000000430e-01
9.258999999999999453e-01
9.429999999999999494e-01
9.604000000000000314e-01
9.731999999999999540e-01
9.902999999999999581e-01
1.008099999999999996e+00
1.030899999999999928e+00
1.055399999999999894e+00
1.073700000000000099e+00
1.091699999999999893e+00
1.108899999999999997e+00
1.116100000000000092e+00
1.129399999999999959e+00
1.145999999999999908e+00
1.161499999999999977e+00
1.173200000000000021e+00
1.182700000000000085e+00
1.189699999999999980e+00
1.197200000000000042e+00
1.205699999999999994e+00
1.213300000000000045e+00
1.220099999999999962e+00
1.227700000000000014e+00
1.234699999999999909e+00
1.239200000000000079e+00
1.241999999999999993e+00
1.244199999999999973e+00
1.245000000000000107e+00
1.244199999999999973e+00
1.242299999999999960e+00
1.239400000000000057e+00
1.235999999999999988e+00
1.231999999999999984e+00
1.227300000000000058e+00
1.220599999999999907e+00
1.211400000000000032e+00
1.200700000000000101e+00
1.189200000000000035e+00
1.176600000000000090e+00
1.163899999999999935e+00
1.149499999999999966e+00
1.137599999999999945e+00
1.127299999999999969e+00
1.113399999999999945e+00
1.097699999999999898e+00
1.077599999999999891e+00
1.061600000000000099e+00
1.038399999999999990e+00
1.008299999999999974e+00
9.886000000000000343e-01
9.725000000000000311e-01
9.515000000000000124e-01
9.334999999999999964e-01
9.140000000000000346e-01
8.834999999999999520e-01
8.425000000000000266e-01
8.158999999999999586e-01
7.985999999999999766e-01
7.914999999999999813e-01
7.805999999999999606e-01
7.640000000000000124e-01
7.456000000000000405e-01
7.261999999999999567e-01
6.969999999999999529e-01
6.602999999999999980e-01
6.511000000000000121e-01
6.385999999999999455e-01
6.229999999999999982e-01
6.051999999999999602e-01
5.915000000000000258e-01
5.697999999999999732e-01
5.450000000000000400e-01
5.231999999999999984e-01
5.070999999999999952e-01
4.966999999999999749e-01
4.697000000000000064e-01
4.600000000000000200e-01
4.626000000000000112e-01
4.662999999999999923e-01
4.566999999999999948e-01
4.500000000000000111e-01
4.511000000000000010e-01
4.414000000000000146e-01
4.278000000000000136e-01
3.982999999999999874e-01
3.548000000000000043e-01
3.175000000000000044e-01
2.717999999999999861e-01
2.202000000000000068e-01
2.000000000000000111e-01
2.000000000000000111e-01
2.000000000000000111e-01
2.000000000000000111e-01
2.000000000000000111e-01
2.000000000000000111e-01
2.000000000000000111e-01
2.000000000000000111e-01
2.000000000000000111e-01
2.000000000000000111e-01
2.000000000000000111e-01
2.086999999999999966e-01
2.107999999999999874e-01
2.275999999999999968e-01
2.548000000000000265e-01
2.883000000000000007e-01
3.290000000000000147e-01
3.669000000000000039e-01
3.805999999999999939e-01
3.885000000000000120e-01
4.008999999999999786e-01
4.274999999999999911e-01
4.578999999999999737e-01
4.912000000000000255e-01
5.251000000000000112e-01
5.631000000000000449e-01
6.028000000000000025e-01
6.337000000000000410e-01
6.653000000000000025e-01
7.019999999999999574e-01
7.272999999999999465e-01
7.485000000000000542e-01
7.560000000000000053e-01
7.691999999999999948e-01
7.926999999999999602e-01
8.184000000000000163e-01
8.467000000000000082e-01
8.653999999999999471e-01
8.877000000000000446e-01
9.129000000000000448e-01
9.425999999999999934e-01
9.636000000000000121e-01
9.768000000000000016e-01
9.895000000000000462e-01
1.006000000000000005e+00
1.025900000000000034e+00
1.038799999999999946e+00
1.050499999999999989e+00
1.060200000000000031e+00
1.073800000000000088e+00
1.085800000000000098e+00
1.100999999999999979e+00
1.117199999999999971e+00
1.134100000000000108e+00
1.149699999999999944e+00
1.160700000000000065e+00
1.175300000000000011e+00
1.189200000000000035e+00
1.198900000000000077e+00
1.207200000000000051e+00
1.214199999999999946e+00
1.219999999999999973e+00
1.225700000000000012e+00
1.231300000000000061e+00
1.234299999999999953e+00
1.236499999999999932e+00
1.239500000000000046e+00
1.242599999999999927e+00
1.244799999999999907e+00
1.244699999999999918e+00
1.243300000000000072e+00
1.240299999999999958e+00
1.236099999999999977e+00
1.230199999999999960e+00
1.222099999999999964e+00
1.210299999999999931e+00
1.202599999999999891e+00
1.192499999999999893e+00
1.178800000000000070e+00
1.160500000000000087e+00
1.141899999999999915e+00
1.121899999999999897e+00
1.099199999999999955e+00
1.078999999999999959e+00
1.060899999999999954e+00
1.040200000000000014e+00
1.020299999999999985e+00
9.979000000000000092e-01
9.734000000000000430e-01
9.486999999999999877e-01
9.189000000000000501e-01
8.857000000000000428e-01
8.446000000000000174e-01
8.043000000000000149e-01
7.586000000000000520e-01
7.100999999999999535e-01
6.669000000000000483e-01
6.276000000000000467e-01
5.891999999999999460e-01
5.365999999999999659e-01
4.777000000000000135e-01
4.198000000000000065e-01
3.479999999999999760e-01
2.662999999999999812e-01
2.016999999999999904e-01
2.000000000000000111e-01
2.000000000000000111e-01
2.000000000000000111e-01
2.000000000000000111e-01
2.000000000000000111e-01
2.000000000000000111e-01
2.000000000000000111e-01
2.000000000000000111e-01
2.000000000000000111e-01
2.000000000000000111e-01
2.000000000000000111e-01
2.000000000000000111e-01
2.000000000000000111e-01
2.000000000000000111e-01
2.000000000000000111e-01
2.000000000000000111e-01
2.000000000000000111e-01
2.000000000000000111e-01
2.000000000000000111e-01
2.000000000000000111e-01
2.000000000000000111e-01
2.000000000000000111e-01
2.000000000000000111e-01
2.000000000000000111e-01
2.000000000000000111e-01
2.000000000000000111e-01
2.000000000000000111e-01
2.000000000000000111e-01
2.000000000000000111e-01
2.000000000000000111e-01
2.000000000000000111e-01
2.000000000000000111e-01
2.000000000000000111e-01
2.000000000000000111e-01
2.000000000000000111e-01
2.000000000000000111e-01
2.000000000000000111e-01
2.000000000000000111e-01
2.000000000000000111e-01
2.000000000000000111e-01
2.000000000000000111e-01
2.000000000000000111e-01
2.000000000000000111e-01
2.000000000000000111e-01
2.000000000000000111e-01
2.000000000000000111e-01
2.000000000000000111e-01
2.000000000000000111e-01
2.000000000000000111e-01
2.000000000000000111e-01
2.000000000000000111e-01
2.000000000000000111e-01
2.000000000000000111e-01
2.000000000000000111e-01
2.000000000000000111e-01
2.000000000000000111e-01
2.000000000000000111e-01
2.000000000000000111e-01
2.000000000000000111e-01
2.000000000000000111e-01
2.000000000000000111e-01
2.000000000000000111e-01
2.000000000000000111e-01
2.000000000000000111e-01
2.000000000000000111e-01
2.000000000000000111e-01
2.000000000000000111e-01
2.000000000000000111e-01
2.000000000000000111e-01
2.000000000000000111e-01
2.175999999999999879e-01
2.567999999999999727e-01
2.901000000000000245e-01
3.175000000000000044e-01
3.443999999999999839e-01
3.711999999999999744e-01
3.905000000000000138e-01
4.092000000000000082e-01
4.344999999999999973e-01
4.555000000000000160e-01
4.774999999999999800e-01
4.995999999999999885e-01
5.194999999999999618e-01
5.465999999999999748e-01
5.568999999999999506e-01
5.693000000000000282e-01
5.881999999999999451e-01
6.117000000000000215e-01
6.343999999999999639e-01
6.504999999999999671e-01
6.656999999999999584e-01
6.873000000000000220e-01
7.050999999999999490e-01
7.158999999999999808e-01
7.297000000000000153e-01
7.431999999999999718e-01
7.542999999999999705e-01
7.681999999999999940e-01
7.836999999999999522e-01
8.108999999999999542e-01
8.317999999999999838e-01
8.539999999999999813e-01
8.771999999999999797e-01
9.006999999999999451e-01
9.224999999999999867e-01
9.379999999999999449e-01
9.576000000000000068e-01
9.769999999999999796e-01
9.940999999999999837e-01
1.012599999999999945e+00
1.034100000000000019e+00
1.056699999999999973e+00
1.079099999999999948e+00
1.100600000000000023e+00
1.121599999999999930e+00
1.140400000000000080e+00
1.154700000000000060e+00
1.169599999999999973e+00
1.185999999999999943e+00
1.197599999999999998e+00
1.206099999999999950e+00
1.215600000000000014e+00
1.224699999999999900e+00
1.231200000000000072e+00
1.236900000000000110e+00
1.241300000000000070e+00
1.243999999999999995e+00
1.244899999999999896e+00
1.244299999999999962e+00
1.242699999999999916e+00
1.240399999999999947e+00
1.236799999999999899e+00
1.231300000000000061e+00
1.225899999999999990e+00
1.219000000000000083e+00
1.211899999999999977e+00
1.202599999999999891e+00
1.189999999999999947e+00
1.173899999999999944e+00
1.155399999999999983e+00
1.134600000000000053e+00
1.112999999999999989e+00
1.090799999999999992e+00
1.067700000000000093e+00
1.043700000000000072e+00
1.019099999999999895e+00
9.881999999999999673e-01
9.585000000000000187e-01
9.278999999999999471e-01
9.018000000000000460e-01
8.711999999999999744e-01
8.344000000000000306e-01
7.933999999999999941e-01
7.438000000000000167e-01
7.016000000000000014e-01
6.581000000000000183e-01
6.131999999999999673e-01
5.643000000000000238e-01
5.107000000000000428e-01
4.581999999999999962e-01
4.232000000000000206e-01
3.947999999999999843e-01
3.721999999999999753e-01
3.539999999999999813e-01
3.215000000000000080e-01
2.812999999999999945e-01
2.303999999999999937e-01
2.000000000000000111e-01
2.000000000000000111e-01
2.000000000000000111e-01
2.000000000000000111e-01
2.000000000000000111e-01
2.000000000000000111e-01
2.000000000000000111e-01
2.000000000000000111e-01
2.000000000000000111e-01
2.000000000000000111e-01
2.000000000000000111e-01
2.000000000000000111e-01
2.000000000000000111e-01
2.000000000000000111e-01
2.000000000000000111e-01
2.000000000000000111e-01
2.000000000000000111e-01
2.000000000000000111e-01
2.000000000000000111e-01
2.000000000000000111e-01
2.000000000000000111e-01
2.000000000000000111e-01
2.000000000000000111e-01
2.000000000000000111e-01
2.000000000000000111e-01
2.000000000000000111e-01
2.000000000000000111e-01
2.000000000000000111e-01
2.000000000000000111e-01
2.000000000000000111e-01
2.000000000000000111e-01
2.000000000000000111e-01
2.000000000000000111e-01
2.000000000000000111e-01
2.000000000000000111e-01
2.000000000000000111e-01
2.000000000000000111e-01
2.000000000000000111e-01
2.000000000000000111e-01
2.000000000000000111e-01
2.000000000000000111e-01
2.000000000000000111e-01
2.000000000000000111e-01
2.000000000000000111e-01
2.000000000000000111e-01
2.000000000000000111e-01
2.000000000000000111e-01
2.000000000000000111e-01
2.000000000000000111e-01
2.000000000000000111e-01
2.000000000000000111e-01
2.000000000000000111e-01
2.000000000000000111e-01
2.000000000000000111e-01
2.000000000000000111e-01
2.000000000000000111e-01
2.000000000000000111e-01
2.099999999999999922e-01
2.374999999999999889e-01
2.622999999999999776e-01
2.908999999999999919e-01
3.217999999999999750e-01
3.501000000000000223e-01
3.849000000000000199e-01
4.268000000000000127e-01
4.550000000000000155e-01
4.687999999999999945e-01
4.840999999999999748e-01
5.059000000000000163e-01
5.306999999999999496e-01
5.370000000000000329e-01
5.335999999999999632e-01
5.352999999999999980e-01
5.389000000000000457e-01
5.465999999999999748e-01
5.614000000000000101e-01
5.846999999999999975e-01
6.109999999999999876e-01
6.431000000000000050e-01
6.726999999999999647e-01
7.030999999999999472e-01
7.317000000000000171e-01
7.577000000000000401e-01
7.808000000000000496e-01
8.036999999999999700e-01
8.285000000000000142e-01
8.463000000000000522e-01
8.551999999999999602e-01
8.722999999999999643e-01
8.948000000000000398e-01
9.212000000000000188e-01
9.406999999999999806e-01
9.583000000000000407e-01
9.819999999999999840e-01
1.000999999999999890e+00
1.016699999999999937e+00
1.030899999999999928e+00
1.047299999999999898e+00
1.062100000000000044e+00
1.078500000000000014e+00
1.094000000000000083e+00
1.107199999999999962e+00
1.119499999999999940e+00
1.130600000000000049e+00
1.139000000000000012e+00
1.149799999999999933e+00
1.161499999999999977e+00
1.174099999999999921e+00
1.183000000000000052e+00
1.189500000000000002e+00
1.197599999999999998e+00
1.207999999999999963e+00
1.217200000000000060e+00
1.225800000000000001e+00
1.231500000000000039e+00
1.235999999999999988e+00
1.239999999999999991e+00
1.243100000000000094e+00
1.244699999999999918e+00
1.244799999999999907e+00
1.243200000000000083e+00
1.240099999999999980e+00
1.235899999999999999e+00
1.232099999999999973e+00
1.227600000000000025e+00
1.221100000000000074e+00
1.213799999999999990e+00
1.202499999999999902e+00
1.189699999999999980e+00
1.180500000000000105e+00
1.174299999999999899e+00
1.166800000000000059e+00
1.156300000000000106e+00
1.145599999999999952e+00
1.133199999999999985e+00
1.117399999999999949e+00
1.098899999999999988e+00
1.077900000000000080e+00
1.061299999999999910e+00
1.048999999999999932e+00
1.036100000000000021e+00
1.028000000000000025e+00
1.015500000000000069e+00
9.962999999999999634e-01
9.701999999999999513e-01
9.451000000000000512e-01
9.189000000000000501e-01
8.828000000000000291e-01
8.443000000000000504e-01
8.137999999999999678e-01
7.868000000000000549e-01
7.521999999999999797e-01
7.197000000000000064e-01
6.818999999999999506e-01
6.399000000000000243e-01
6.008999999999999897e-01
5.629999999999999449e-01
5.168000000000000371e-01
4.656000000000000139e-01
4.063999999999999835e-01
3.467999999999999972e-01
2.998999999999999999e-01
2.550000000000000044e-01
2.094000000000000028e-01
2.000000000000000111e-01
2.000000000000000111e-01
2.000000000000000111e-01
2.000000000000000111e-01
2.000000000000000111e-01
2.000000000000000111e-01
2.000000000000000111e-01
2.000000000000000111e-01
2.000000000000000111e-01
2.000000000000000111e-01
2.000000000000000111e-01
2.000000000000000111e-01
2.000000000000000111e-01
2.000000000000000111e-01
2.000000000000000111e-01
2.000000000000000111e-01
2.000000000000000111e-01
2.000000000000000111e-01
2.000000000000000111e-01
2.000000000000000111e-01
2.000000000000000111e-01
2.000000000000000111e-01
2.000000000000000111e-01
2.000000000000000111e-01
2.000000000000000111e-01
2.000000000000000111e-01
2.000000000000000111e-01
2.000000000000000111e-01
2.000000000000000111e-01
2.000000000000000111e-01
2.000000000000000111e-01
2.000000000000000111e-01
2.000000000000000111e-01
2.000000000000000111e-01
2.000000000000000111e-01
2.000000000000000111e-01
2.000000000000000111e-01
2.000000000000000111e-01
2.000000000000000111e-01
2.000000000000000111e-01
2.069000000000000006e-01
2.202999999999999958e-01
2.320000000000000118e-01
2.505999999999999894e-01
2.726999999999999980e-01
2.933999999999999941e-01
3.104999999999999982e-01
3.123000000000000220e-01
3.217999999999999750e-01
3.275000000000000133e-01
3.280000000000000138e-01
3.356999999999999984e-01
3.452000000000000068e-01
3.574999999999999845e-01
3.719999999999999973e-01
3.910000000000000142e-01
4.031000000000000139e-01
4.219999999999999862e-01
4.390000000000000013e-01
4.672999999999999932e-01
4.865999999999999770e-01
4.998000000000000220e-01
5.124999999999999556e-01
5.292000000000000037e-01
5.527999999999999581e-01
5.695000000000000062e-01
5.904000000000000359e-01
6.121999999999999664e-01
6.358000000000000318e-01
6.491000000000000103e-01
6.600000000000000311e-01
6.765999999999999792e-01
6.937999999999999723e-01
7.119999999999999662e-01
7.347000000000000197e-01
7.600999999999999979e-01
7.872999999999999998e-01
8.145000000000000018e-01
8.324000000000000288e-01
8.488999999999999879e-01
8.626000000000000334e-01
8.829000000000000181e-01
9.111000000000000210e-01
9.377999999999999670e-01
9.584000000000000297e-01
9.766000000000000236e-01
9.986000000000000432e-01
1.020899999999999919e+00
1.039099999999999913e+00
1.059600000000000097e+00
1.080300000000000038e+00
1.102800000000000002e+00
1.118400000000000061e+00
1.133399999999999963e+00
1.145000000000000018e+00
1.156900000000000039e+00
1.169200000000000017e+00
1.180800000000000072e+00
1.191300000000000026e+00
1.200299999999999923e+00
1.209699999999999998e+00
1.219200000000000061e+00
1.228399999999999936e+00
1.235100000000000087e+00
1.238799999999999901e+00
1.241600000000000037e+00
1.243200000000000083e+00
1.244399999999999951e+00
1.245000000000000107e+00
1.244499999999999940e+00
1.243100000000000094e+00
1.240899999999999892e+00
1.237700000000000022e+00
1.232699999999999907e+00
1.226799999999999891e+00
1.218099999999999961e+00
1.209699999999999998e+00
1.199100000000000055e+00
1.187000000000000055e+00
1.175100000000000033e+00
1.161200000000000010e+00
1.144900000000000029e+00
1.131000000000000005e+00
1.114100000000000090e+00
1.095499999999999918e+00
1.076100000000000056e+00
1.058000000000000052e+00
1.038100000000000023e+00
1.011100000000000110e+00
9.820999999999999730e-01
9.615000000000000213e-01
9.417999999999999705e-01
9.140000000000000346e-01
8.949000000000000288e-01
8.727000000000000313e-01
8.491999999999999549e-01
8.122000000000000330e-01
7.620000000000000107e-01
7.113000000000000433e-01
6.612999999999999989e-01
6.148000000000000131e-01
5.748999999999999666e-01
5.234999999999999654e-01
4.722000000000000086e-01
4.163999999999999924e-01
3.729999999999999982e-01
3.528000000000000025e-01
3.267999999999999794e-01
3.003000000000000114e-01
2.758999999999999786e-01
2.321999999999999897e-01
2.000000000000000111e-01
2.000000000000000111e-01
2.000000000000000111e-01
2.000000000000000111e-01
2.000000000000000111e-01
2.000000000000000111e-01
2.000000000000000111e-01
2.000000000000000111e-01
2.000000000000000111e-01
2.000000000000000111e-01
2.000000000000000111e-01
2.000000000000000111e-01
2.000000000000000111e-01
2.000000000000000111e-01
2.000000000000000111e-01
2.000000000000000111e-01
2.000000000000000111e-01
2.000000000000000111e-01
2.000000000000000111e-01
2.000000000000000111e-01
2.000000000000000111e-01
2.000000000000000111e-01
2.000000000000000111e-01
2.000000000000000111e-01
2.000000000000000111e-01
2.000000000000000111e-01
2.000000000000000111e-01
2.000000000000000111e-01
2.000000000000000111e-01
2.000000000000000111e-01
2.000000000000000111e-01
2.000000000000000111e-01
2.000000000000000111e-01
2.048000000000000098e-01
2.084999999999999909e-01
2.139999999999999958e-01
2.238999999999999879e-01
2.252000000000000113e-01
2.273000000000000020e-01
2.356999999999999929e-01
2.487999999999999934e-01
2.677999999999999825e-01
2.968000000000000083e-01
3.302999999999999825e-01
3.494999999999999774e-01
3.526000000000000245e-01
3.538999999999999924e-01
3.574999999999999845e-01
3.630999999999999783e-01
3.773000000000000242e-01
3.961000000000000076e-01
4.174999999999999822e-01
4.388000000000000234e-01
4.573999999999999733e-01
4.793999999999999928e-01
4.917000000000000259e-01
5.092999999999999750e-01
5.360000000000000320e-01
5.633000000000000229e-01
5.938999999999999835e-01
6.296000000000000485e-01
6.602999999999999980e-01
6.968999999999999639e-01
7.399000000000000021e-01
7.718000000000000416e-01
8.014000000000000012e-01
8.221000000000000529e-01
8.418999999999999817e-01
8.608999999999999986e-01
8.822999999999999732e-01
8.972999999999999865e-01
9.111000000000000210e-01
9.258999999999999453e-01
9.414000000000000146e-01
9.587999999999999856e-01
9.756000000000000227e-01
9.959000000000000075e-01
1.013800000000000034e+00
1.033600000000000074e+00
1.055099999999999927e+00
1.071199999999999930e+00
1.084300000000000042e+00
1.098999999999999977e+00
1.114600000000000035e+00
1.129899999999999904e+00
1.145399999999999974e+00
1.160300000000000109e+00
1.172900000000000054e+00
1.185999999999999943e+00
1.199200000000000044e+00
1.207600000000000007e+00
1.214199999999999946e+00
1.219000000000000083e+00
1.225400000000000045e+00
1.231300000000000061e+00
1.236399999999999944e+00
1.239600000000000035e+00
1.241900000000000004e+00
1.243700000000000028e+00
1.244699999999999918e+00
1.245000000000000107e+00
1.244499999999999940e+00
1.243500000000000050e+00
1.241600000000000037e+00
1.238499999999999934e+00
1.233200000000000074e+00
1.225899999999999990e+00
1.216800000000000104e+00
1.208099999999999952e+00
1.196600000000000108e+00
1.183200000000000029e+00
1.168099999999999916e+00
1.152600000000000069e+00
1.135499999999999954e+00
1.115799999999999903e+00
1.093099999999999961e+00
1.067900000000000071e+00
1.049199999999999910e+00
1.029300000000000104e+00
1.003200000000000092e+00
9.866000000000000325e-01
9.613000000000000433e-01
9.304000000000000048e-01
9.022999999999999909e-01
8.697000000000000286e-01
8.365000000000000213e-01
8.051000000000000378e-01
7.783999999999999808e-01
7.418000000000000149e-01
7.030999999999999472e-01
6.596999999999999531e-01
6.168000000000000149e-01
5.674000000000000155e-01
5.102999999999999758e-01
4.607999999999999874e-01
4.315999999999999837e-01
3.967999999999999861e-01
3.457000000000000073e-01
2.780000000000000249e-01
2.218999999999999861e-01
2.000000000000000111e-01
2.000000000000000111e-01
2.000000000000000111e-01
2.000000000000000111e-01
2.000000000000000111e-01
2.000000000000000111e-01
2.000000000000000111e-01
2.000000000000000111e-01
2.000000000000000111e-01
2.000000000000000111e-01
2.000000000000000111e-01
2.000000000000000111e-01
2.000000000000000111e-01
2.000000000000000111e-01
2.000000000000000111e-01
2.000000000000000111e-01
2.000000000000000111e-01
2.000000000000000111e-01
2.000000000000000111e-01
2.000000000000000111e-01
2.000000000000000111e-01
2.000000000000000111e-01
2.000000000000000111e-01
2.000000000000000111e-01
2.000000000000000111e-01
2.000000000000000111e-01
2.000000000000000111e-01
2.000000000000000111e-01
2.000000000000000111e-01
2.000000000000000111e-01
2.000000000000000111e-01
2.000000000000000111e-01
2.000000000000000111e-01
2.000000000000000111e-01
2.000000000000000111e-01
2.000000000000000111e-01
2.000000000000000111e-01
2.000000000000000111e-01
2.000000000000000111e-01
2.000000000000000111e-01
2.000000000000000111e-01
2.000000000000000111e-01
2.000000000000000111e-01
2.000000000000000111e-01
2.000000000000000111e-01
2.000000000000000111e-01
2.000000000000000111e-01
2.000000000000000111e-01
2.000000000000000111e-01
2.000000000000000111e-01
2.000000000000000111e-01
2.000000000000000111e-01
2.000000000000000111e-01
2.053000000000000103e-01
2.338999999999999968e-01
2.558000000000000274e-01
2.687999999999999834e-01
2.735000000000000209e-01
2.745000000000000218e-01
2.773999999999999799e-01
2.872000000000000108e-01
3.079000000000000070e-01
3.316000000000000059e-01
3.552000000000000157e-01
3.839000000000000190e-01
4.112000000000000099e-01
4.354999999999999982e-01
4.531999999999999917e-01
4.676000000000000156e-01
4.838999999999999968e-01
5.040000000000000036e-01
5.259000000000000341e-01
5.494999999999999885e-01
5.724000000000000199e-01
5.971999999999999531e-01
6.160999999999999810e-01
6.322999999999999732e-01
6.533999999999999808e-01
6.825999999999999845e-01
7.137000000000000011e-01
7.438000000000000167e-01
7.693999999999999728e-01
7.805999999999999606e-01
7.879000000000000448e-01
8.051000000000000378e-01
8.250999999999999446e-01
8.480999999999999650e-01
8.713999999999999524e-01
8.951999999999999957e-01
9.100000000000000311e-01
9.318999999999999506e-01
9.570999999999999508e-01
9.754000000000000448e-01
9.822999999999999510e-01
9.968000000000000194e-01
1.015300000000000091e+00
1.035600000000000076e+00
1.054899999999999949e+00
1.072899999999999965e+00
1.087800000000000100e+00
1.103900000000000103e+00
1.117699999999999916e+00
1.126400000000000068e+00
1.137199999999999989e+00
1.149100000000000010e+00
1.159999999999999920e+00
1.173499999999999988e+00
1.187799999999999967e+00
1.200399999999999912e+00
1.209500000000000020e+00
1.217999999999999972e+00
1.226799999999999891e+00
1.233700000000000019e+00
1.238899999999999890e+00
1.242599999999999927e+00
1.244699999999999918e+00
1.244699999999999918e+00
1.243800000000000017e+00
1.240799999999999903e+00
1.236399999999999944e+00
1.229700000000000015e+00
1.222900000000000098e+00
1.215100000000000069e+00
1.204199999999999937e+00
1.193400000000000016e+00
1.180099999999999927e+00
1.163999999999999924e+00
1.144400000000000084e+00
1.121399999999999952e+00
1.098000000000000087e+00
1.070000000000000062e+00
1.039700000000000069e+00
1.013600000000000056e+00
9.832999999999999519e-01
9.516999999999999904e-01
9.314999999999999947e-01
9.061000000000000165e-01
8.693999999999999506e-01
8.221000000000000529e-01
7.829000000000000403e-01
7.389000000000000012e-01
6.801000000000000378e-01
6.256000000000000449e-01
5.623000000000000220e-01
5.020999999999999908e-01
4.474000000000000199e-01
3.835999999999999965e-01
3.183000000000000274e-01
2.511999999999999789e-01
2.000000000000000111e-01
2.000000000000000111e-01
2.000000000000000111e-01
2.000000000000000111e-01
2.000000000000000111e-01
2.000000000000000111e-01
2.000000000000000111e-01
2.000000000000000111e-01
2.000000000000000111e-01
2.000000000000000111e-01
2.000000000000000111e-01
2.000000000000000111e-01
2.000000000000000111e-01
2.000000000000000111e-01
2.000000000000000111e-01
2.000000000000000111e-01
2.000000000000000111e-01
2.000000000000000111e-01
2.000000000000000111e-01
2.000000000000000111e-01
2.000000000000000111e-01
2.000000000000000111e-01
2.000000000000000111e-01
2.000000000000000111e-01
2.000000000000000111e-01
2.000000000000000111e-01
2.000000000000000111e-01
2.000000000000000111e-01
2.000000000000000111e-01
2.000000000000000111e-01
2.000000000000000111e-01
2.000000000000000111e-01
2.000000000000000111e-01
2.000000000000000111e-01
2.000000000000000111e-01
2.000000000000000111e-01
2.000000000000000111e-01
2.000000000000000111e-01
2.000000000000000111e-01
2.000000000000000111e-01
2.000000000000000111e-01
2.000000000000000111e-01
2.000000000000000111e-01
2.000000000000000111e-01
2.000000000000000111e-01
2.000000000000000111e-01
2.000000000000000111e-01
2.000000000000000111e-01
2.000000000000000111e-01
2.000000000000000111e-01
2.000000000000000111e-01
2.000000000000000111e-01
2.000000000000000111e-01
2.000000000000000111e-01
2.160999999999999865e-01
2.519000000000000128e-01
2.723999999999999755e-01
2.923999999999999932e-01
3.128000000000000225e-01
3.333999999999999742e-01
3.533999999999999919e-01
3.721999999999999753e-01
3.940000000000000169e-01
4.182000000000000162e-01
4.358000000000000207e-01
4.471999999999999864e-01
4.596999999999999975e-01
4.769999999999999796e-01
4.960999999999999854e-01
5.182999999999999829e-01
5.331000000000000183e-01
5.558999999999999497e-01
5.709999999999999520e-01
5.885000000000000231e-01
6.096000000000000307e-01
6.262999999999999678e-01
6.390000000000000124e-01
6.541000000000000147e-01
6.804000000000000048e-01
7.068999999999999728e-01
7.361999999999999655e-01
7.581999999999999851e-01
7.749000000000000332e-01
7.924999999999999822e-01
8.064000000000000057e-01
8.218999999999999639e-01
8.381999999999999451e-01
8.508999999999999897e-01
8.701999999999999735e-01
8.899000000000000243e-01
9.122000000000000108e-01
9.336999999999999744e-01
9.534000000000000252e-01
9.657000000000000028e-01
9.764000000000000457e-01
9.919999999999999929e-01
1.008899999999999908e+00
1.024399999999999977e+00
1.042000000000000037e+00
1.060200000000000031e+00
1.080500000000000016e+00
1.100800000000000001e+00
1.120300000000000074e+00
1.140099999999999891e+00
1.158300000000000107e+00
1.177699999999999969e+00
1.192199999999999926e+00
1.204499999999999904e+00
1.212499999999999911e+00
1.218699999999999894e+00
1.224399999999999933e+00
1.228799999999999892e+00
1.234099999999999975e+00
1.239300000000000068e+00
1.242899999999999894e+00
1.244299999999999962e+00
1.244899999999999896e+00
1.244699999999999918e+00
1.243800000000000017e+00
1.242199999999999971e+00
1.239100000000000090e+00
1.233500000000000041e+00
1.226900000000000102e+00
1.218199999999999950e+00
1.208399999999999919e+00
1.197300000000000031e+00
1.184199999999999919e+00
1.169799999999999951e+00
1.155399999999999983e+00
1.137299999999999978e+00
1.120600000000000041e+00
1.106600000000000028e+00
1.095499999999999918e+00
1.082600000000000007e+00
1.062599999999999989e+00
1.041299999999999892e+00
1.022699999999999942e+00
1.002099999999999991e+00
9.794000000000000483e-01
9.554000000000000270e-01
9.296999999999999709e-01
8.999000000000000332e-01
8.750999999999999890e-01
8.456000000000000183e-01
8.111000000000000432e-01
7.677000000000000490e-01
7.300999999999999712e-01
6.895999999999999908e-01
6.421000000000000041e-01
5.885000000000000231e-01
5.284999999999999698e-01
4.662999999999999923e-01
4.048999999999999821e-01
3.340000000000000191e-01
2.812999999999999945e-01
2.384999999999999898e-01
2.000000000000000111e-01
2.000000000000000111e-01
2.000000000000000111e-01
2.000000000000000111e-01
2.000000000000000111e-01
2.000000000000000111e-01
2.000000000000000111e-01
2.000000000000000111e-01
2.000000000000000111e-01
2.000000000000000111e-01
2.000000000000000111e-01
2.000000000000000111e-01
2.000000000000000111e-01
2.000000000000000111e-01
2.000000000000000111e-01
2.000000000000000111e-01
2.000000000000000111e-01
2.000000000000000111e-01
2.000000000000000111e-01
2.000000000000000111e-01
2.000000000000000111e-01
2.000000000000000111e-01
2.000000000000000111e-01
2.000000000000000111e-01
2.000000000000000111e-01
2.000000000000000111e-01
2.000000000000000111e-01
2.000000000000000111e-01
2.000000000000000111e-01
2.000000000000000111e-01
2.000000000000000111e-01
2.000000000000000111e-01
2.000000000000000111e-01
2.000000000000000111e-01
2.000000000000000111e-01
2.000000000000000111e-01
2.000000000000000111e-01
2.000000000000000111e-01
2.000000000000000111e-01
2.000000000000000111e-01
2.000000000000000111e-01
2.000000000000000111e-01
2.000000000000000111e-01
2.000000000000000111e-01
2.000000000000000111e-01
2.000000000000000111e-01
2.000000000000000111e-01
2.000000000000000111e-01
2.000000000000000111e-01
2.000000000000000111e-01
2.000000000000000111e-01
2.000000000000000111e-01
2.000000000000000111e-01
2.000000000000000111e-01
2.076999999999999957e-01
2.441000000000000114e-01
2.589000000000000190e-01
2.659000000000000252e-01
2.752999999999999892e-01
2.958000000000000074e-01
3.225999999999999979e-01
3.457000000000000073e-01
3.568999999999999950e-01
3.579999999999999849e-01
3.665999999999999814e-01
3.729999999999999982e-01
3.716999999999999749e-01
3.815999999999999948e-01
4.011000000000000121e-01
4.213000000000000078e-01
4.437999999999999723e-01
4.724999999999999756e-01
4.995999999999999885e-01
5.245999999999999552e-01
5.531000000000000361e-01
5.814000000000000279e-01
5.944000000000000394e-01
6.138000000000000123e-01
6.330000000000000071e-01
6.451999999999999957e-01
6.604999999999999760e-01
6.851000000000000423e-01
7.124000000000000332e-01
7.334000000000000519e-01
7.560000000000000053e-01
7.711000000000000076e-01
7.937999999999999501e-01
8.179999999999999494e-01
8.306999999999999940e-01
8.428999999999999826e-01
8.615000000000000435e-01
8.803999999999999604e-01
9.004999999999999671e-01
9.219000000000000528e-01
9.423000000000000265e-01
9.668999999999999817e-01
9.812999999999999501e-01
9.960999999999999854e-01
1.015600000000000058e+00
1.035600000000000076e+00
1.056300000000000017e+00
1.075099999999999945e+00
1.092200000000000060e+00
1.105099999999999971e+00
1.119099999999999984e+00
1.131399999999999961e+00
1.145199999999999996e+00
1.160300000000000109e+00
1.176399999999999890e+00
1.191999999999999948e+00
1.204399999999999915e+00
1.215300000000000047e+00
1.225500000000000034e+00
1.233000000000000096e+00
1.237900000000000000e+00
1.241300000000000070e+00
1.243700000000000028e+00
1.244899999999999896e+00
1.244399999999999951e+00
1.241999999999999993e+00
1.238499999999999934e+00
1.233300000000000063e+00
1.226699999999999902e+00
1.219000000000000083e+00
1.210900000000000087e+00
1.201300000000000034e+00
1.190299999999999914e+00
1.176700000000000079e+00
1.159699999999999953e+00
1.142900000000000027e+00
1.122800000000000020e+00
1.102000000000000091e+00
1.080699999999999994e+00
1.066400000000000015e+00
1.052000000000000046e+00
1.028699999999999948e+00
9.977000000000000313e-01
9.576000000000000068e-01
9.165999999999999703e-01
8.760999999999999899e-01
8.330999999999999517e-01
7.914999999999999813e-01
7.553999999999999604e-01
7.139999999999999680e-01
6.687999999999999501e-01
6.229999999999999982e-01
5.988999999999999879e-01
5.677999999999999714e-01
5.266999999999999460e-01
4.758999999999999897e-01
4.178999999999999937e-01
3.532000000000000139e-01
2.994999999999999885e-01
2.406999999999999973e-01
2.000000000000000111e-01
2.000000000000000111e-01
2.000000000000000111e-01
2.000000000000000111e-01
2.000000000000000111e-01
2.000000000000000111e-01
2.000000000000000111e-01
2.000000000000000111e-01
2.000000000000000111e-01
2.000000000000000111e-01
2.000000000000000111e-01
2.000000000000000111e-01
2.000000000000000111e-01
2.000000000000000111e-01
2.000000000000000111e-01
2.000000000000000111e-01
2.000000000000000111e-01
2.000000000000000111e-01
2.000000000000000111e-01
2.000000000000000111e-01
2.000000000000000111e-01
2.000000000000000111e-01
2.000000000000000111e-01
2.000000000000000111e-01
2.000000000000000111e-01
2.000000000000000111e-01
2.000000000000000111e-01
2.000000000000000111e-01
2.000000000000000111e-01
2.000000000000000111e-01
2.000000000000000111e-01
2.000000000000000111e-01
2.000000000000000111e-01
2.000000000000000111e-01
2.000000000000000111e-01
2.000000000000000111e-01
2.000000000000000111e-01
2.000000000000000111e-01
2.000000000000000111e-01
2.000000000000000111e-01
2.000000000000000111e-01
2.000000000000000111e-01
2.000000000000000111e-01
2.000000000000000111e-01
2.000000000000000111e-01
2.000000000000000111e-01
2.000000000000000111e-01
2.000000000000000111e-01
2.000000000000000111e-01
2.154999999999999971e-01
2.388000000000000123e-01
2.540000000000000036e-01
2.656999999999999917e-01
2.768999999999999795e-01
2.884999999999999787e-01
2.918999999999999928e-01
3.045999999999999819e-01
3.244000000000000217e-01
3.477000000000000091e-01
3.744999999999999996e-01
4.052000000000000046e-01
4.430000000000000049e-01
4.623999999999999777e-01
4.784999999999999809e-01
4.974000000000000088e-01
5.280000000000000249e-01
5.562000000000000277e-01
5.846999999999999975e-01
6.169999999999999929e-01
6.552999999999999936e-01
6.866999999999999771e-01
7.150999999999999579e-01
7.457000000000000295e-01
7.762000000000000011e-01
7.952000000000000179e-01
8.174000000000000155e-01
8.448999999999999844e-01
8.732999999999999652e-01
8.930000000000000160e-01
9.075999999999999623e-01
9.252000000000000224e-01
9.459999999999999520e-01
9.599999999999999645e-01
9.756000000000000227e-01
9.925000000000000488e-01
1.010799999999999921e+00
1.026200000000000001e+00
1.043900000000000050e+00
1.060100000000000042e+00
1.082799999999999985e+00
1.095499999999999918e+00
1.103799999999999892e+00
1.115599999999999925e+00
1.128400000000000070e+00
1.143199999999999994e+00
1.161000000000000032e+00
1.174700000000000077e+00
1.184600000000000097e+00
1.193699999999999983e+00
1.204599999999999893e+00
1.215000000000000080e+00
1.224399999999999933e+00
1.232499999999999929e+00
1.237999999999999989e+00
1.241999999999999993e+00
1.244399999999999951e+00
1.244799999999999907e+00
1.242899999999999894e+00
1.238699999999999912e+00
1.233500000000000041e+00
1.228699999999999903e+00
1.221100000000000074e+00
1.209100000000000064e+00
1.196299999999999919e+00
1.181100000000000039e+00
1.164400000000000102e+00
1.153200000000000003e+00
1.139499999999999957e+00
1.121699999999999919e+00
1.098899999999999988e+00
1.077900000000000080e+00
1.052799999999999958e+00
1.019099999999999895e+00
9.987000000000000322e-01
9.762999999999999456e-01
9.431000000000000494e-01
9.012999999999999901e-01
8.600999999999999757e-01
8.191000000000000503e-01
7.662999999999999812e-01
7.214000000000000412e-01
6.828999999999999515e-01
6.502000000000000002e-01
6.065000000000000391e-01
5.661000000000000476e-01
5.299000000000000377e-01
4.879999999999999893e-01
4.364999999999999991e-01
3.916999999999999926e-01
3.457000000000000073e-01
2.826000000000000179e-01
2.257000000000000117e-01
2.000000000000000111e-01
2.000000000000000111e-01
2.000000000000000111e-01
2.000000000000000111e-01
2.000000000000000111e-01
2.000000000000000111e-01
2.000000000000000111e-01
2.000000000000000111e-01
2.000000000000000111e-01
2.000000000000000111e-01
2.000000000000000111e-01
2.000000000000000111e-01
2.000000000000000111e-01
2.000000000000000111e-01
2.000000000000000111e-01
2.000000000000000111e-01
2.000000000000000111e-01
2.000000000000000111e-01
2.000000000000000111e-01
2.000000000000000111e-01
2.000000000000000111e-01
2.000000000000000111e-01
2.000000000000000111e-01
2.000000000000000111e-01
2.000000000000000111e-01
2.000000000000000111e-01
2.000000000000000111e-01
2.000000000000000111e-01
2.000000000000000111e-01
2.000000000000000111e-01
2.000000000000000111e-01
2.000000000000000111e-01
2.000000000000000111e-01
2.000000000000000111e-01
2.000000000000000111e-01
2.000000000000000111e-01
2.000000000000000111e-01
2.000000000000000111e-01
2.000000000000000111e-01
2.000000000000000111e-01
2.000000000000000111e-01
2.000000000000000111e-01
2.000000000000000111e-01
2.000000000000000111e-01
2.000000000000000111e-01
2.000000000000000111e-01
2.000000000000000111e-01
2.000000000000000111e-01
2.000000000000000111e-01
2.000000000000000111e-01
2.000000000000000111e-01
2.000000000000000111e-01
2.000000000000000111e-01
2.000000000000000111e-01
2.000000000000000111e-01
2.000000000000000111e-01
2.000000000000000111e-01
2.000000000000000111e-01
2.000000000000000111e-01
2.000000000000000111e-01
2.000000000000000111e-01
2.000000000000000111e-01
2.000000000000000111e-01
2.000000000000000111e-01
2.000000000000000111e-01
2.000000000000000111e-01
2.000000000000000111e-01
2.000000000000000111e-01
2.000000000000000111e-01
2.000000000000000111e-01
2.111000000000000099e-01
2.388000000000000123e-01
2.685000000000000164e-01
2.942000000000000171e-01
3.210999999999999965e-01
3.474999999999999756e-01
3.768000000000000238e-01
3.910000000000000142e-01
4.068999999999999839e-01
4.253000000000000114e-01
4.588999999999999746e-01
4.908000000000000140e-01
5.112999999999999767e-01
5.358000000000000540e-01
5.612000000000000322e-01
5.900999999999999579e-01
6.235000000000000542e-01
6.582000000000000073e-01
7.023000000000000353e-01
7.338000000000000078e-01
7.645999999999999464e-01
8.012000000000000233e-01
8.204000000000000181e-01
8.349999999999999645e-01
8.493000000000000549e-01
8.626000000000000334e-01
8.843999999999999639e-01
8.991999999999999993e-01
9.204999999999999849e-01
9.448999999999999622e-01
9.651999999999999469e-01
9.789999999999999813e-01
9.989000000000000101e-01
1.016999999999999904e+00
1.036699999999999955e+00
1.059800000000000075e+00
1.085599999999999898e+00
1.110200000000000076e+00
1.134200000000000097e+00
1.153399999999999981e+00
1.170099999999999918e+00
1.183799999999999963e+00
1.197500000000000009e+00
1.211300000000000043e+00
1.219700000000000006e+00
1.224399999999999933e+00
1.229899999999999993e+00
1.235100000000000087e+00
1.239800000000000013e+00
1.243600000000000039e+00
1.244899999999999896e+00
1.243999999999999995e+00
1.240599999999999925e+00
1.235800000000000010e+00
1.229600000000000026e+00
1.221700000000000008e+00
1.215899999999999981e+00
1.211400000000000032e+00
1.201000000000000068e+00
1.187999999999999945e+00
1.173699999999999966e+00
1.154099999999999904e+00
1.136300000000000088e+00
1.119499999999999940e+00
1.097499999999999920e+00
1.072500000000000009e+00
1.050000000000000044e+00
1.033900000000000041e+00
1.009700000000000042e+00
9.812999999999999501e-01
9.491000000000000547e-01
9.102999999999999980e-01
8.659000000000000030e-01
8.242000000000000437e-01
7.750000000000000222e-01
7.231999999999999540e-01
6.824999999999999956e-01
6.530000000000000249e-01
6.140999999999999792e-01
5.639999999999999458e-01
5.041999999999999815e-01
4.399000000000000132e-01
3.639000000000000012e-01
2.888000000000000012e-01
2.041999999999999926e-01
2.000000000000000111e-01
2.000000000000000111e-01
2.000000000000000111e-01
2.000000000000000111e-01
2.000000000000000111e-01
2.000000000000000111e-01
2.000000000000000111e-01
2.000000000000000111e-01
2.000000000000000111e-01
2.000000000000000111e-01
2.000000000000000111e-01
2.000000000000000111e-01
2.000000000000000111e-01
2.000000000000000111e-01
2.000000000000000111e-01
2.000000000000000111e-01
2.000000000000000111e-01
2.000000000000000111e-01
2.000000000000000111e-01
2.000000000000000111e-01
2.000000000000000111e-01
2.000000000000000111e-01
2.000000000000000111e-01
2.000000000000000111e-01
2.000000000000000111e-01
2.000000000000000111e-01
2.000000000000000111e-01
2.000000000000000111e-01
2.000000000000000111e-01
2.000000000000000111e-01
2.000000000000000111e-01
2.000000000000000111e-01
2.000000000000000111e-01
2.000000000000000111e-01
2.000000000000000111e-01
2.000000000000000111e-01
2.000000000000000111e-01
2.000000000000000111e-01
2.000000000000000111e-01
2.000000000000000111e-01
2.000000000000000111e-01
2.000000000000000111e-01
2.000000000000000111e-01
2.000000000000000111e-01
2.000000000000000111e-01
2.000000000000000111e-01
2.000000000000000111e-01
2.000000000000000111e-01
2.000000000000000111e-01
2.000000000000000111e-01
2.000000000000000111e-01
2.000000000000000111e-01
2.000000000000000111e-01
2.000000000000000111e-01
2.000000000000000111e-01
2.000000000000000111e-01
2.081999999999999962e-01
2.285999999999999976e-01
2.494999999999999996e-01
2.726999999999999980e-01
2.980999999999999761e-01
3.230999999999999983e-01
3.579999999999999849e-01
3.932999999999999829e-01
4.177000000000000157e-01
4.359999999999999987e-01
4.744999999999999774e-01
5.124999999999999556e-01
5.533000000000000140e-01
5.858999999999999764e-01
6.117000000000000215e-01
6.356000000000000538e-01
6.591000000000000192e-01
6.840000000000000524e-01
7.050999999999999490e-01
7.318999999999999950e-01
7.653999999999999693e-01
7.986999999999999655e-01
8.258999999999999675e-01
8.445000000000000284e-01
8.646000000000000352e-01
8.848000000000000309e-01
9.122000000000000108e-01
9.406999999999999806e-01
9.605000000000000204e-01
9.865000000000000435e-01
1.013700000000000045e+00
1.034599999999999964e+00
1.056000000000000050e+00
1.078400000000000025e+00
1.100400000000000045e+00
1.122200000000000086e+00
1.133799999999999919e+00
1.142900000000000027e+00
1.156600000000000072e+00
1.170800000000000063e+00
1.179799999999999960e+00
1.187000000000000055e+00
1.191799999999999971e+00
1.197899999999999965e+00
1.205100000000000060e+00
1.213000000000000078e+00
1.221000000000000085e+00
1.228299999999999947e+00
1.234599999999999920e+00
1.239600000000000035e+00
1.243200000000000083e+00
1.244899999999999896e+00
1.244199999999999973e+00
1.241000000000000103e+00
1.237999999999999989e+00
1.234099999999999975e+00
1.229400000000000048e+00
1.222499999999999920e+00
1.213600000000000012e+00
1.203300000000000036e+00
1.189999999999999947e+00
1.171799999999999953e+00
1.152600000000000069e+00
1.137599999999999945e+00
1.117799999999999905e+00
1.096899999999999986e+00
1.073199999999999932e+00
1.046999999999999931e+00
1.015500000000000069e+00
9.798000000000000043e-01
9.495000000000000107e-01
9.191000000000000281e-01
8.800999999999999934e-01
8.349999999999999645e-01
7.814999999999999725e-01
7.237999999999999989e-01
6.624999999999999778e-01
5.991999999999999549e-01
5.460000000000000409e-01
5.052999999999999714e-01
4.703999999999999848e-01
4.168000000000000038e-01
3.503999999999999893e-01
2.772000000000000020e-01
2.086000000000000076e-01
2.000000000000000111e-01
2.000000000000000111e-01
2.000000000000000111e-01
2.000000000000000111e-01
2.000000000000000111e-01
2.000000000000000111e-01
2.000000000000000111e-01
2.000000000000000111e-01
2.000000000000000111e-01
2.000000000000000111e-01
2.000000000000000111e-01
2.000000000000000111e-01
2.000000000000000111e-01
2.000000000000000111e-01
2.000000000000000111e-01
2.000000000000000111e-01
2.000000000000000111e-01
2.000000000000000111e-01
2.000000000000000111e-01
2.000000000000000111e-01
2.000000000000000111e-01
2.000000000000000111e-01
2.000000000000000111e-01
2.000000000000000111e-01
2.000000000000000111e-01
2.000000000000000111e-01
2.000000000000000111e-01
2.000000000000000111e-01
2.000000000000000111e-01
2.000000000000000111e-01
2.000000000000000111e-01
2.000000000000000111e-01
2.000000000000000111e-01
2.000000000000000111e-01
2.000000000000000111e-01
2.000000000000000111e-01
2.000000000000000111e-01
2.000000000000000111e-01
2.000000000000000111e-01
2.000000000000000111e-01
2.000000000000000111e-01
2.000000000000000111e-01
2.000000000000000111e-01
2.000000000000000111e-01
2.000000000000000111e-01
2.000000000000000111e-01
2.000000000000000111e-01
2.000000000000000111e-01
2.000000000000000111e-01
2.000000000000000111e-01
2.000000000000000111e-01
2.000000000000000111e-01
2.000000000000000111e-01
2.000000000000000111e-01
2.000000000000000111e-01
2.000000000000000111e-01
2.000000000000000111e-01
2.000000000000000111e-01
2.000000000000000111e-01
2.000000000000000111e-01
2.000000000000000111e-01
2.000000000000000111e-01
2.000000000000000111e-01
2.000000000000000111e-01
2.000000000000000111e-01
2.000000000000000111e-01
2.000000000000000111e-01
2.000000000000000111e-01
2.000000000000000111e-01
2.000000000000000111e-01
2.000000000000000111e-01
2.000000000000000111e-01
2.000000000000000111e-01
2.000000000000000111e-01
2.026999999999999913e-01
2.270999999999999963e-01
2.326000000000000012e-01
2.411999999999999977e-01
2.464000000000000079e-01
2.531999999999999806e-01
2.687999999999999834e-01
2.795000000000000262e-01
2.889999999999999791e-01
3.034999999999999920e-01
3.229000000000000203e-01
3.437000000000000055e-01
3.701999999999999735e-01
4.023999999999999799e-01
4.254999999999999893e-01
4.405000000000000027e-01
4.578999999999999737e-01
4.779999999999999805e-01
5.049000000000000155e-01
5.288000000000000478e-01
5.502000000000000224e-01
5.752000000000000446e-01
6.018999999999999906e-01
6.266000000000000458e-01
6.459000000000000297e-01
6.667999999999999483e-01
6.968999999999999639e-01
7.306000000000000272e-01
7.553999999999999604e-01
7.786999999999999478e-01
8.082000000000000295e-01
8.270999999999999464e-01
8.352000000000000535e-01
8.428999999999999826e-01
8.475000000000000311e-01
8.595000000000000417e-01
8.782999999999999696e-01
8.972999999999999865e-01
9.232000000000000206e-01
9.538999999999999702e-01
9.798000000000000043e-01
9.999000000000000110e-01
1.019700000000000051e+00
1.035900000000000043e+00
1.048999999999999932e+00
1.064699999999999980e+00
1.079800000000000093e+00
1.094799999999999995e+00
1.110000000000000098e+00
1.121599999999999930e+00
1.136300000000000088e+00
1.150600000000000067e+00
1.165300000000000002e+00
1.180700000000000083e+00
1.196099999999999941e+00
1.209500000000000020e+00
1.221700000000000008e+00
1.231400000000000050e+00
1.237500000000000044e+00
1.241800000000000015e+00
1.244199999999999973e+00
1.245000000000000107e+00
1.243600000000000039e+00
1.239500000000000046e+00
1.233700000000000019e+00
1.225000000000000089e+00
1.213400000000000034e+00
1.198800000000000088e+00
1.181699999999999973e+00
1.160600000000000076e+00
1.136400000000000077e+00
1.110700000000000021e+00
1.088899999999999979e+00
1.070400000000000018e+00
1.044699999999999962e+00
1.011800000000000033e+00
9.765000000000000346e-01
9.348999999999999533e-01
8.901000000000000023e-01
8.417000000000000037e-01
7.966999999999999638e-01
7.562999999999999723e-01
7.122000000000000552e-01
6.756999999999999673e-01
6.418000000000000371e-01
6.061999999999999611e-01
5.671000000000000485e-01
5.200000000000000178e-01
4.711000000000000187e-01
4.137000000000000122e-01
3.516000000000000236e-01
2.858999999999999875e-01
2.253000000000000003e-01
2.000000000000000111e-01
2.000000000000000111e-01
2.000000000000000111e-01
2.000000000000000111e-01
2.000000000000000111e-01
2.000000000000000111e-01
2.000000000000000111e-01
2.000000000000000111e-01
2.000000000000000111e-01
2.000000000000000111e-01
2.000000000000000111e-01
2.000000000000000111e-01
2.000000000000000111e-01
2.000000000000000111e-01
2.000000000000000111e-01
2.000000000000000111e-01
2.000000000000000111e-01
2.000000000000000111e-01
2.000000000000000111e-01
2.000000000000000111e-01
2.000000000000000111e-01
2.000000000000000111e-01
2.000000000000000111e-01
2.000000000000000111e-01
2.000000000000000111e-01
2.000000000000000111e-01
2.000000000000000111e-01
2.000000000000000111e-01
2.000000000000000111e-01
2.000000000000000111e-01
2.000000000000000111e-01
2.000000000000000111e-01
2.000000000000000111e-01
2.000000000000000111e-01
2.000000000000000111e-01
2.000000000000000111e-01
2.000000000000000111e-01
2.000000000000000111e-01
2.000000000000000111e-01
2.000000000000000111e-01
2.000000000000000111e-01
2.000000000000000111e-01
2.000000000000000111e-01
2.000000000000000111e-01
2.000000000000000111e-01
2.000000000000000111e-01
2.000000000000000111e-01
2.000000000000000111e-01
2.000000000000000111e-01
2.000000000000000111e-01
2.000000000000000111e-01
2.000000000000000111e-01
2.000000000000000111e-01
2.000000000000000111e-01
2.086999999999999966e-01
2.179000000000000103e-01
2.205000000000000016e-01
2.373000000000000109e-01
2.661999999999999922e-01
3.009000000000000008e-01
3.431000000000000161e-01
3.820999999999999952e-01
3.957999999999999852e-01
4.038999999999999813e-01
4.162000000000000144e-01
4.433000000000000274e-01
4.757000000000000117e-01
5.092999999999999750e-01
5.442000000000000171e-01
5.835000000000000187e-01
6.245000000000000551e-01
6.571000000000000174e-01
6.897999999999999687e-01
7.270999999999999686e-01
7.528000000000000247e-01
7.741000000000000103e-01
7.816999999999999504e-01
7.950000000000000400e-01
8.187999999999999723e-01
8.450999999999999623e-01
8.732999999999999652e-01
8.923999999999999710e-01
9.156999999999999584e-01
9.414000000000000146e-01
9.717000000000000082e-01
9.928000000000000158e-01
1.005800000000000027e+00
1.018599999999999950e+00
1.034699999999999953e+00
1.054899999999999949e+00
1.067800000000000082e+00
1.079399999999999915e+00
1.088600000000000012e+00
1.101599999999999913e+00
1.112999999999999989e+00
1.127399999999999958e+00
1.142500000000000071e+00
1.157999999999999918e+00
1.172600000000000087e+00
1.182600000000000096e+00
1.195300000000000029e+00
1.207300000000000040e+00
1.215600000000000014e+00
1.223000000000000087e+00
1.228799999999999892e+00
1.233200000000000074e+00
1.237200000000000077e+00
1.240799999999999903e+00
1.242399999999999949e+00
1.243500000000000050e+00
1.244599999999999929e+00
1.244899999999999896e+00
1.243200000000000083e+00
1.239200000000000079e+00
1.234699999999999909e+00
1.227800000000000002e+00
1.219999999999999973e+00
1.209999999999999964e+00
1.197599999999999998e+00
1.179499999999999993e+00
1.168800000000000061e+00
1.154500000000000082e+00
1.135199999999999987e+00
1.110700000000000021e+00
1.084999999999999964e+00
1.059199999999999919e+00
1.028299999999999992e+00
1.001900000000000013e+00
9.778999999999999915e-01
9.504000000000000226e-01
9.254000000000000004e-01
8.972999999999999865e-01
8.663999999999999480e-01
8.346999999999999975e-01
7.966999999999999638e-01
7.544999999999999485e-01
7.025000000000000133e-01
6.530000000000000249e-01
5.955000000000000293e-01
5.348000000000000531e-01
4.809999999999999831e-01
4.319999999999999951e-01
3.859000000000000208e-01
3.199000000000000177e-01
2.487000000000000044e-01
2.000000000000000111e-01
2.000000000000000111e-01
2.000000000000000111e-01
2.000000000000000111e-01
2.000000000000000111e-01
2.000000000000000111e-01
2.000000000000000111e-01
2.000000000000000111e-01
2.000000000000000111e-01
2.000000000000000111e-01
2.000000000000000111e-01
2.000000000000000111e-01
2.000000000000000111e-01
2.000000000000000111e-01
2.000000000000000111e-01
2.000000000000000111e-01
2.000000000000000111e-01
2.000000000000000111e-01
2.000000000000000111e-01
2.000000000000000111e-01
2.000000000000000111e-01
2.000000000000000111e-01
2.000000000000000111e-01
2.000000000000000111e-01
2.000000000000000111e-01
2.000000000000000111e-01
2.000000000000000111e-01
2.000000000000000111e-01
2.000000000000000111e-01
2.000000000000000111e-01
2.000000000000000111e-01
2.000000000000000111e-01
2.000000000000000111e-01
2.000000000000000111e-01
2.000000000000000111e-01
2.000000000000000111e-01
2.000000000000000111e-01
2.000000000000000111e-01
2.000000000000000111e-01
2.000000000000000111e-01
2.000000000000000111e-01
2.000000000000000111e-01
2.000000000000000111e-01
2.000000000000000111e-01
2.000000000000000111e-01
2.000000000000000111e-01
2.000000000000000111e-01
2.000000000000000111e-01
2.000000000000000111e-01
2.000000000000000111e-01
2.000000000000000111e-01
2.000000000000000111e-01
2.000000000000000111e-01
2.000000000000000111e-01
2.000000000000000111e-01
2.000000000000000111e-01
2.000000000000000111e-01
2.000000000000000111e-01
2.000000000000000111e-01
2.000000000000000111e-01
2.000000000000000111e-01
2.000000000000000111e-01
2.000000000000000111e-01
2.000000000000000111e-01
2.000000000000000111e-01
2.000000000000000111e-01
2.000000000000000111e-01
2.000000000000000111e-01
2.174000000000000099e-01
2.580999999999999961e-01
2.812999999999999945e-01
2.888000000000000012e-01
2.812999999999999945e-01
2.814999999999999725e-01
2.783999999999999808e-01
2.841000000000000192e-01
2.988999999999999990e-01
3.164000000000000146e-01
3.433999999999999830e-01
3.638000000000000123e-01
3.854000000000000203e-01
4.102000000000000091e-01
4.450000000000000067e-01
4.818999999999999950e-01
5.259000000000000341e-01
5.737999999999999767e-01
6.169999999999999929e-01
6.485999999999999543e-01
6.680000000000000382e-01
6.853000000000000203e-01
6.971000000000000529e-01
7.090999999999999526e-01
7.236000000000000210e-01
7.443999999999999506e-01
7.653999999999999693e-01
7.973000000000000087e-01
8.379999999999999671e-01
8.730999999999999872e-01
8.974999999999999645e-01
9.226999999999999647e-01
9.442000000000000393e-01
9.630999999999999561e-01
9.835000000000000409e-01
1.006499999999999950e+00
1.036999999999999922e+00
1.061500000000000110e+00
1.076799999999999979e+00
1.095900000000000096e+00
1.120300000000000074e+00
1.142900000000000027e+00
1.163899999999999935e+00
1.182600000000000096e+00
1.199000000000000066e+00
1.213000000000000078e+00
1.224599999999999911e+00
1.232699999999999907e+00
1.238299999999999956e+00
1.241600000000000037e+00
1.243999999999999995e+00
1.245000000000000107e+00
1.244299999999999962e+00
1.241800000000000015e+00
1.236199999999999966e+00
1.229899999999999993e+00
1.221799999999999997e+00
1.211200000000000054e+00
1.196900000000000075e+00
1.178399999999999892e+00
1.160300000000000109e+00
1.137299999999999978e+00
1.122400000000000064e+00
1.107099999999999973e+00
1.082100000000000062e+00
1.055600000000000094e+00
1.024599999999999955e+00
9.937000000000000277e-01
9.590999999999999526e-01
9.246999999999999664e-01
8.883999999999999675e-01
8.460999999999999632e-01
7.985999999999999766e-01
7.427000000000000268e-01
6.889999999999999458e-01
6.269000000000000128e-01
5.598999999999999533e-01
4.919999999999999929e-01
4.187000000000000166e-01
3.568000000000000060e-01
2.874999999999999778e-01
2.041999999999999926e-01
2.000000000000000111e-01
2.000000000000000111e-01
2.000000000000000111e-01
2.000000000000000111e-01
2.000000000000000111e-01
2.000000000000000111e-01
2.000000000000000111e-01
2.000000000000000111e-01
2.000000000000000111e-01
2.000000000000000111e-01
2.000000000000000111e-01
2.000000000000000111e-01
2.000000000000000111e-01
2.000000000000000111e-01
2.000000000000000111e-01
2.000000000000000111e-01
2.000000000000000111e-01
2.000000000000000111e-01
2.000000000000000111e-01
2.000000000000000111e-01
2.000000000000000111e-01
2.000000000000000111e-01
2.000000000000000111e-01
2.000000000000000111e-01
2.000000000000000111e-01
2.000000000000000111e-01
2.000000000000000111e-01
2.000000000000000111e-01
2.000000000000000111e-01
2.000000000000000111e-01
2.000000000000000111e-01
2.000000000000000111e-01
2.000000000000000111e-01
2.000000000000000111e-01
2.000000000000000111e-01
2.000000000000000111e-01
2.000000000000000111e-01
2.000000000000000111e-01
2.000000000000000111e-01
2.000000000000000111e-01
2.000000000000000111e-01
2.000000000000000111e-01
2.000000000000000111e-01
2.000000000000000111e-01
2.000000000000000111e-01
2.000000000000000111e-01
2.000000000000000111e-01
2.000000000000000111e-01
2.000000000000000111e-01
2.000000000000000111e-01
2.000000000000000111e-01
2.000000000000000111e-01
2.000000000000000111e-01
2.000000000000000111e-01
2.000000000000000111e-01
2.000000000000000111e-01
2.000000000000000111e-01
2.000000000000000111e-01
2.000000000000000111e-01
2.000000000000000111e-01
2.000000000000000111e-01
2.000000000000000111e-01
2.000000000000000111e-01
2.000000000000000111e-01
2.000000000000000111e-01
2.000000000000000111e-01
2.000000000000000111e-01
2.000000000000000111e-01
2.000000000000000111e-01
2.000000000000000111e-01
2.000000000000000111e-01
2.048000000000000098e-01
2.298999999999999932e-01
2.534000000000000141e-01
2.677999999999999825e-01
2.747999999999999887e-01
2.879999999999999782e-01
3.012000000000000233e-01
3.235999999999999988e-01
3.506000000000000227e-01
3.755000000000000004e-01
3.951000000000000068e-01
4.192000000000000171e-01
4.520000000000000129e-01
4.894999999999999907e-01
5.214999999999999636e-01
5.480000000000000426e-01
5.766999999999999904e-01
6.054000000000000492e-01
6.251999999999999780e-01
6.450000000000000178e-01
6.667999999999999483e-01
6.804000000000000048e-01
6.935999999999999943e-01
7.113000000000000433e-01
7.378000000000000114e-01
7.669000000000000261e-01
8.005999999999999783e-01
8.253000000000000336e-01
8.433000000000000496e-01
8.620999999999999774e-01
8.811999999999999833e-01
8.942999999999999838e-01
9.092000000000000082e-01
9.287999999999999590e-01
9.536000000000000032e-01
9.788000000000000034e-01
1.004099999999999993e+00
1.032899999999999929e+00
1.056200000000000028e+00
1.076600000000000001e+00
1.100200000000000067e+00
1.114500000000000046e+00
1.122300000000000075e+00
1.131799999999999917e+00
1.139399999999999968e+00
1.149799999999999933e+00
1.159200000000000008e+00
1.172299999999999898e+00
1.184500000000000108e+00
1.194199999999999928e+00
1.203799999999999981e+00
1.211600000000000010e+00
1.217500000000000027e+00
1.224299999999999944e+00
1.230699999999999905e+00
1.236399999999999944e+00
1.240699999999999914e+00
1.242899999999999894e+00
1.244399999999999951e+00
1.245000000000000107e+00
1.243999999999999995e+00
1.241700000000000026e+00
1.238399999999999945e+00
1.233899999999999997e+00
1.228399999999999936e+00
1.220099999999999962e+00
1.207500000000000018e+00
1.192800000000000082e+00
1.179300000000000015e+00
1.168600000000000083e+00
1.154900000000000038e+00
1.136200000000000099e+00
1.111299999999999955e+00
1.082100000000000062e+00
1.053900000000000059e+00
1.021200000000000108e+00
9.869999999999999885e-01
9.468999999999999639e-01
9.083999999999999853e-01
8.739000000000000101e-01
8.323000000000000398e-01
7.859000000000000430e-01
7.504999999999999449e-01
7.125000000000000222e-01
6.810000000000000497e-01
6.337000000000000410e-01
5.885000000000000231e-01
5.497999999999999554e-01
5.078000000000000291e-01
4.592999999999999861e-01
3.986999999999999988e-01
3.331999999999999962e-01
2.508000000000000229e-01
2.000000000000000111e-01
2.000000000000000111e-01
2.000000000000000111e-01
2.000000000000000111e-01
2.000000000000000111e-01
2.000000000000000111e-01
2.000000000000000111e-01
2.000000000000000111e-01
2.000000000000000111e-01
2.000000000000000111e-01
2.000000000000000111e-01
2.000000000000000111e-01
2.000000000000000111e-01
2.000000000000000111e-01
2.000000000000000111e-01
2.000000000000000111e-01
2.000000000000000111e-01
2.000000000000000111e-01
2.000000000000000111e-01
2.000000000000000111e-01
2.000000000000000111e-01
2.000000000000000111e-01
2.000000000000000111e-01
2.000000000000000111e-01
2.000000000000000111e-01
2.000000000000000111e-01
2.000000000000000111e-01
2.000000000000000111e-01
2.000000000000000111e-01
2.000000000000000111e-01
2.000000000000000111e-01
2.000000000000000111e-01
2.000000000000000111e-01
2.000000000000000111e-01
2.000000000000000111e-01
2.000000000000000111e-01
2.000000000000000111e-01
2.000000000000000111e-01
2.000000000000000111e-01
2.000000000000000111e-01
2.000000000000000111e-01
2.000000000000000111e-01
2.000000000000000111e-01
2.000000000000000111e-01
2.000000000000000111e-01
2.000000000000000111e-01
2.000000000000000111e-01
2.000000000000000111e-01
2.000000000000000111e-01
2.000000000000000111e-01
2.000000000000000111e-01
2.000000000000000111e-01
2.000000000000000111e-01
2.000000000000000111e-01
2.000000000000000111e-01
2.000000000000000111e-01
2.000000000000000111e-01
2.000000000000000111e-01
2.192000000000000060e-01
2.484999999999999987e-01
2.708999999999999742e-01
2.846000000000000196e-01
2.896000000000000241e-01
2.911000000000000254e-01
2.944999999999999840e-01
3.038000000000000145e-01
3.254000000000000226e-01
3.494999999999999774e-01
3.739999999999999991e-01
4.043999999999999817e-01
4.319999999999999951e-01
4.566999999999999948e-01
4.749999999999999778e-01
4.894999999999999907e-01
5.059000000000000163e-01
5.268000000000000460e-01
5.500000000000000444e-01
5.735999999999999988e-01
5.965000000000000302e-01
6.215000000000000524e-01
6.403999999999999693e-01
6.563999999999999835e-01
6.776999999999999691e-01
7.073000000000000398e-01
7.388000000000000123e-01
7.690000000000000169e-01
7.950000000000000400e-01
8.058999999999999497e-01
8.131000000000000449e-01
8.300999999999999490e-01
8.510999999999999677e-01
8.742999999999999661e-01
8.974999999999999645e-01
9.212000000000000188e-01
9.358999999999999542e-01
9.583000000000000407e-01
9.835000000000000409e-01
1.001600000000000046e+00
1.008399999999999963e+00
1.022499999999999964e+00
1.040300000000000002e+00
1.060799999999999965e+00
1.079900000000000082e+00
1.098100000000000076e+00
1.112700000000000022e+00
1.128200000000000092e+00
1.141299999999999981e+00
1.149299999999999988e+00
1.159200000000000008e+00
1.170299999999999896e+00
1.180600000000000094e+00
1.192700000000000093e+00
1.205500000000000016e+00
1.216599999999999904e+00
1.224299999999999944e+00
1.231000000000000094e+00
1.237300000000000066e+00
1.241900000000000004e+00
1.244299999999999962e+00
1.244899999999999896e+00
1.243000000000000105e+00
1.239400000000000057e+00
1.235899999999999999e+00
1.228799999999999892e+00
1.220199999999999951e+00
1.208299999999999930e+00
1.196700000000000097e+00
1.184399999999999897e+00
1.168099999999999916e+00
1.152500000000000080e+00
1.133599999999999941e+00
1.110999999999999988e+00
1.083800000000000097e+00
1.052799999999999958e+00
1.021200000000000108e+00
9.842999999999999527e-01
9.454000000000000181e-01
9.102999999999999980e-01
8.703999999999999515e-01
8.307999999999999829e-01
8.041000000000000369e-01
7.721999999999999975e-01
7.231999999999999540e-01
6.619000000000000439e-01
6.118000000000000105e-01
5.561000000000000387e-01
4.850999999999999757e-01
4.163999999999999924e-01
3.380000000000000226e-01
2.655000000000000138e-01
2.000000000000000111e-01
2.000000000000000111e-01
2.000000000000000111e-01
2.000000000000000111e-01
2.000000000000000111e-01
2.000000000000000111e-01
2.000000000000000111e-01
2.000000000000000111e-01
2.000000000000000111e-01
2.000000000000000111e-01
2.000000000000000111e-01
2.000000000000000111e-01
2.000000000000000111e-01
2.000000000000000111e-01
2.000000000000000111e-01
2.000000000000000111e-01
2.000000000000000111e-01
2.000000000000000111e-01
2.000000000000000111e-01
2.000000000000000111e-01
2.000000000000000111e-01
2.000000000000000111e-01
2.000000000000000111e-01
2.000000000000000111e-01
2.000000000000000111e-01
2.000000000000000111e-01
2.000000000000000111e-01
2.000000000000000111e-01
2.000000000000000111e-01
2.000000000000000111e-01
2.000000000000000111e-01
2.000000000000000111e-01
2.000000000000000111e-01
2.000000000000000111e-01
2.000000000000000111e-01
2.000000000000000111e-01
2.000000000000000111e-01
2.000000000000000111e-01
2.000000000000000111e-01
2.000000000000000111e-01
2.000000000000000111e-01
2.000000000000000111e-01
2.000000000000000111e-01
2.000000000000000111e-01
2.000000000000000111e-01
2.000000000000000111e-01
2.000000000000000111e-01
2.000000000000000111e-01
2.000000000000000111e-01
2.000000000000000111e-01
2.000000000000000111e-01
2.000000000000000111e-01
2.000000000000000111e-01
2.000000000000000111e-01
2.162999999999999923e-01
2.202999999999999958e-01
2.260000000000000064e-01
2.386000000000000065e-01
2.406999999999999973e-01
2.441000000000000114e-01
2.540000000000000036e-01
2.685000000000000164e-01
2.878000000000000003e-01
3.185000000000000053e-01
3.541000000000000258e-01
3.743000000000000216e-01
3.775999999999999912e-01
3.790999999999999925e-01
3.825999999999999956e-01
3.885000000000000120e-01
4.033999999999999808e-01
4.229999999999999871e-01
4.452999999999999736e-01
4.671000000000000152e-01
4.860999999999999766e-01
5.088000000000000300e-01
5.217000000000000526e-01
5.395999999999999686e-01
5.664000000000000146e-01
5.940999999999999615e-01
6.256000000000000449e-01
6.627999999999999448e-01
6.946999999999999842e-01
7.309999999999999831e-01
7.739000000000000323e-01
8.064000000000000057e-01
8.367999999999999883e-01
8.582999999999999519e-01
8.782999999999999696e-01
8.977000000000000535e-01
9.196999999999999620e-01
9.347999999999999643e-01
9.492000000000000437e-01
9.645000000000000240e-01
9.807000000000000162e-01
9.981999999999999762e-01
1.014999999999999902e+00
1.035500000000000087e+00
1.053399999999999892e+00
1.073399999999999910e+00
1.094200000000000061e+00
1.109499999999999931e+00
1.121799999999999908e+00
1.135599999999999943e+00
1.150199999999999889e+00
1.164099999999999913e+00
1.178199999999999914e+00
1.190900000000000070e+00
1.201600000000000001e+00
1.212599999999999900e+00
1.223000000000000087e+00
1.229100000000000081e+00
1.233700000000000019e+00
1.236799999999999899e+00
1.240599999999999925e+00
1.243300000000000072e+00
1.244799999999999907e+00
1.244899999999999896e+00
1.244299999999999962e+00
1.242699999999999916e+00
1.240399999999999947e+00
1.237100000000000088e+00
1.233200000000000074e+00
1.229100000000000081e+00
1.223100000000000076e+00
1.215400000000000036e+00
1.204199999999999937e+00
1.190299999999999914e+00
1.173999999999999932e+00
1.159499999999999975e+00
1.141499999999999959e+00
1.120300000000000074e+00
1.097499999999999920e+00
1.075299999999999923e+00
1.051099999999999923e+00
1.024199999999999999e+00
9.940999999999999837e-01
9.604000000000000314e-01
9.360000000000000542e-01
9.095999999999999641e-01
8.753999999999999559e-01
8.536000000000000254e-01
8.205000000000000071e-01
7.809000000000000385e-01
7.449999999999999956e-01
7.046000000000000041e-01
6.632000000000000117e-01
6.246000000000000441e-01
5.917999999999999927e-01
5.460000000000000409e-01
4.984999999999999987e-01
4.444000000000000172e-01
3.906000000000000028e-01
3.296000000000000041e-01
2.587999999999999745e-01
2.000000000000000111e-01
2.000000000000000111e-01
2.000000000000000111e-01
2.000000000000000111e-01
2.000000000000000111e-01
2.000000000000000111e-01
2.000000000000000111e-01
2.000000000000000111e-01
2.000000000000000111e-01
2.000000000000000111e-01
2.000000000000000111e-01
2.000000000000000111e-01
2.000000000000000111e-01
2.000000000000000111e-01
2.000000000000000111e-01
2.000000000000000111e-01
2.000000000000000111e-01
2.000000000000000111e-01
2.000000000000000111e-01
2.000000000000000111e-01
2.000000000000000111e-01
2.000000000000000111e-01
2.000000000000000111e-01
2.000000000000000111e-01
2.000000000000000111e-01
2.000000000000000111e-01
2.000000000000000111e-01
2.000000000000000111e-01
2.000000000000000111e-01
2.000000000000000111e-01
2.000000000000000111e-01
2.000000000000000111e-01
2.000000000000000111e-01
2.000000000000000111e-01
2.000000000000000111e-01
2.000000000000000111e-01
2.000000000000000111e-01
2.000000000000000111e-01
2.000000000000000111e-01
2.000000000000000111e-01
2.000000000000000111e-01
2.000000000000000111e-01
2.000000000000000111e-01
2.000000000000000111e-01
2.000000000000000111e-01
2.000000000000000111e-01
2.000000000000000111e-01
2.000000000000000111e-01
2.000000000000000111e-01
2.000000000000000111e-01
2.000000000000000111e-01
2.000000000000000111e-01
2.000000000000000111e-01
2.000000000000000111e-01
2.000000000000000111e-01
2.000000000000000111e-01
2.000000000000000111e-01
2.000000000000000111e-01
2.000000000000000111e-01
2.000000000000000111e-01
2.066000000000000059e-01
2.071999999999999953e-01
2.053000000000000103e-01
2.106000000000000094e-01
2.137000000000000011e-01
2.187000000000000055e-01
2.353999999999999981e-01
2.601999999999999869e-01
2.810000000000000275e-01
2.993999999999999995e-01
3.156999999999999806e-01
3.365000000000000213e-01
3.579999999999999849e-01
3.890000000000000124e-01
4.219999999999999862e-01
4.475000000000000089e-01
4.823999999999999955e-01
5.253999999999999782e-01
5.662000000000000366e-01
5.968999999999999861e-01
6.262999999999999678e-01
6.522999999999999909e-01
6.659000000000000474e-01
6.784000000000000030e-01
6.988999999999999657e-01
7.237999999999999989e-01
7.502999999999999670e-01
7.795999999999999597e-01
8.135000000000000009e-01
8.367999999999999883e-01
8.615000000000000435e-01
8.872999999999999776e-01
9.125999999999999668e-01
9.368999999999999551e-01
9.529999999999999583e-01
9.628999999999999782e-01
9.747999999999999998e-01
9.912999999999999590e-01
1.007600000000000051e+00
1.022499999999999964e+00
1.038699999999999957e+00
1.055600000000000094e+00
1.068500000000000005e+00
1.084600000000000009e+00
1.102100000000000080e+00
1.117299999999999960e+00
1.132600000000000051e+00
1.141000000000000014e+00
1.152600000000000069e+00
1.160099999999999909e+00
1.167699999999999960e+00
1.180800000000000072e+00
1.191400000000000015e+00
1.200399999999999912e+00
1.209699999999999998e+00
1.219700000000000006e+00
1.228900000000000103e+00
1.235800000000000010e+00
1.241000000000000103e+00
1.243900000000000006e+00
1.244899999999999896e+00
1.244499999999999940e+00
1.242899999999999894e+00
1.240399999999999947e+00
1.237400000000000055e+00
1.234900000000000109e+00
1.230399999999999938e+00
1.223100000000000076e+00
1.211300000000000043e+00
1.199100000000000055e+00
1.184500000000000108e+00
1.167399999999999993e+00
1.147699999999999942e+00
1.131000000000000005e+00
1.110400000000000054e+00
1.085299999999999931e+00
1.059600000000000097e+00
1.028699999999999948e+00
9.905000000000000471e-01
9.546000000000000041e-01
9.233000000000000096e-01
8.851999999999999869e-01
8.491999999999999549e-01
8.111000000000000432e-01
7.657000000000000473e-01
7.282999999999999474e-01
7.036999999999999922e-01
6.675999999999999712e-01
6.340999999999999970e-01
5.998999999999999888e-01
5.598999999999999533e-01
5.120999999999999996e-01
4.813999999999999946e-01
4.521999999999999909e-01
3.960000000000000187e-01
3.496000000000000218e-01
2.945999999999999730e-01
2.184999999999999998e-01
2.000000000000000111e-01
2.000000000000000111e-01
2.000000000000000111e-01
2.000000000000000111e-01
2.000000000000000111e-01
2.000000000000000111e-01
2.000000000000000111e-01
2.000000000000000111e-01
2.000000000000000111e-01
2.000000000000000111e-01
2.000000000000000111e-01
2.000000000000000111e-01
2.000000000000000111e-01
2.000000000000000111e-01
2.000000000000000111e-01
2.000000000000000111e-01
2.000000000000000111e-01
2.000000000000000111e-01
2.000000000000000111e-01
2.000000000000000111e-01
2.000000000000000111e-01
2.000000000000000111e-01
2.000000000000000111e-01
2.000000000000000111e-01
2.000000000000000111e-01
2.000000000000000111e-01
2.000000000000000111e-01
2.000000000000000111e-01
2.000000000000000111e-01
2.000000000000000111e-01
2.000000000000000111e-01
2.000000000000000111e-01
2.000000000000000111e-01
2.000000000000000111e-01
2.000000000000000111e-01
2.000000000000000111e-01
2.000000000000000111e-01
2.000000000000000111e-01
2.000000000000000111e-01
2.000000000000000111e-01
2.000000000000000111e-01
2.000000000000000111e-01
2.000000000000000111e-01
2.000000000000000111e-01
2.000000000000000111e-01
2.000000000000000111e-01
2.000000000000000111e-01
2.260000000000000064e-01
2.494999999999999996e-01
2.651999999999999913e-01
2.773999999999999799e-01
2.903000000000000025e-01
3.028000000000000136e-01
3.060999999999999832e-01
3.190000000000000058e-01
3.397999999999999909e-01
3.640999999999999792e-01
3.925000000000000155e-01
4.243000000000000105e-01
4.623999999999999777e-01
4.823999999999999955e-01
4.988000000000000211e-01
5.198000000000000398e-01
5.523000000000000131e-01
5.820999999999999508e-01
6.108000000000000096e-01
6.433999999999999719e-01
6.814999999999999947e-01
7.141999999999999460e-01
7.431999999999999718e-01
7.752999999999999892e-01
8.065999999999999837e-01
8.253000000000000336e-01
8.475000000000000311e-01
8.747000000000000330e-01
9.024999999999999689e-01
9.226999999999999647e-01
9.377999999999999670e-01
9.557999999999999829e-01
9.766000000000000236e-01
9.908000000000000140e-01
1.006199999999999983e+00
1.022999999999999909e+00
1.041199999999999903e+00
1.056699999999999973e+00
1.074300000000000033e+00
1.090300000000000047e+00
1.111599999999999921e+00
1.123899999999999899e+00
1.132500000000000062e+00
1.143899999999999917e+00
1.155999999999999917e+00
1.169799999999999951e+00
1.185899999999999954e+00
1.198199999999999932e+00
1.206900000000000084e+00
1.214299999999999935e+00
1.222900000000000098e+00
1.230799999999999894e+00
1.237300000000000066e+00
1.242199999999999971e+00
1.244499999999999940e+00
1.244899999999999896e+00
1.243100000000000094e+00
1.238399999999999945e+00
1.230900000000000105e+00
1.220399999999999929e+00
1.209699999999999998e+00
1.200900000000000079e+00
1.188399999999999901e+00
1.168600000000000083e+00
1.148600000000000065e+00
1.125999999999999890e+00
1.100700000000000012e+00
1.082899999999999974e+00
1.062000000000000055e+00
1.035900000000000043e+00
1.002099999999999991e+00
9.718999999999999861e-01
9.360000000000000542e-01
8.892999999999999794e-01
8.608999999999999986e-01
8.280999999999999472e-01
7.825999999999999623e-01
7.249999999999999778e-01
6.697999999999999510e-01
6.145000000000000462e-01
5.466999999999999638e-01
4.868999999999999995e-01
4.380000000000000004e-01
3.960000000000000187e-01
3.408999999999999808e-01
2.903999999999999915e-01
2.431999999999999995e-01
2.000000000000000111e-01
2.000000000000000111e-01
2.000000000000000111e-01
2.000000000000000111e-01
2.000000000000000111e-01
2.000000000000000111e-01
2.000000000000000111e-01
2.000000000000000111e-01
2.000000000000000111e-01
2.000000000000000111e-01
2.000000000000000111e-01
2.000000000000000111e-01
2.000000000000000111e-01
2.000000000000000111e-01
2.000000000000000111e-01
2.000000000000000111e-01
2.000000000000000111e-01
2.000000000000000111e-01
2.000000000000000111e-01
2.000000000000000111e-01
2.000000000000000111e-01
2.000000000000000111e-01
2.000000000000000111e-01
2.000000000000000111e-01
2.000000000000000111e-01
2.000000000000000111e-01
2.000000000000000111e-01
2.000000000000000111e-01
2.000000000000000111e-01
2.000000000000000111e-01
2.000000000000000111e-01
2.000000000000000111e-01
2.000000000000000111e-01
2.000000000000000111e-01
2.000000000000000111e-01
2.000000000000000111e-01
2.000000000000000111e-01
2.000000000000000111e-01
2.000000000000000111e-01
2.000000000000000111e-01
2.000000000000000111e-01
2.000000000000000111e-01
2.000000000000000111e-01
2.000000000000000111e-01
2.000000000000000111e-01
2.000000000000000111e-01
2.000000000000000111e-01
2.000000000000000111e-01
2.000000000000000111e-01
2.000000000000000111e-01
2.000000000000000111e-01
2.000000000000000111e-01
2.000000000000000111e-01
2.000000000000000111e-01
2.000000000000000111e-01
2.000000000000000111e-01
2.000000000000000111e-01
2.000000000000000111e-01
2.000000000000000111e-01
2.000000000000000111e-01
2.000000000000000111e-01
2.000000000000000111e-01
2.000000000000000111e-01
2.000000000000000111e-01
2.000000000000000111e-01
2.021999999999999909e-01
2.149999999999999967e-01
2.356999999999999929e-01
2.641000000000000014e-01
2.953000000000000069e-01
3.312999999999999834e-01
3.557000000000000162e-01
3.738000000000000211e-01
3.865000000000000102e-01
4.142000000000000126e-01
4.442999999999999727e-01
4.793999999999999928e-01
5.069000000000000172e-01
5.312000000000000055e-01
5.504000000000000004e-01
5.693000000000000282e-01
5.860999999999999543e-01
6.109999999999999876e-01
6.408000000000000362e-01
6.724999999999999867e-01
7.023000000000000353e-01
7.304000000000000492e-01
7.457000000000000295e-01
7.653999999999999693e-01
7.876999999999999558e-01
8.185999999999999943e-01
8.447000000000000064e-01
8.662999999999999590e-01
8.931999999999999940e-01
9.230000000000000426e-01
9.504000000000000226e-01
9.754000000000000448e-01
9.997000000000000330e-01
1.024399999999999977e+00
1.049700000000000077e+00
1.059900000000000064e+00
1.069600000000000106e+00
1.085399999999999920e+00
1.098500000000000032e+00
1.105199999999999960e+00
1.109699999999999909e+00
1.113699999999999912e+00
1.121199999999999974e+00
1.130300000000000082e+00
1.141699999999999937e+00
1.154800000000000049e+00
1.165599999999999969e+00
1.177499999999999991e+00
1.188499999999999890e+00
1.200099999999999945e+00
1.210599999999999898e+00
1.220599999999999907e+00
1.227800000000000002e+00
1.231500000000000039e+00
1.234099999999999975e+00
1.237100000000000088e+00
1.240099999999999980e+00
1.242699999999999916e+00
1.244299999999999962e+00
1.245000000000000107e+00
1.244299999999999962e+00
1.242599999999999927e+00
1.240699999999999914e+00
1.237800000000000011e+00
1.233400000000000052e+00
1.227899999999999991e+00
1.221100000000000074e+00
1.212299999999999933e+00
1.204700000000000104e+00
1.195500000000000007e+00
1.185400000000000009e+00
1.170900000000000052e+00
1.155000000000000027e+00
1.134300000000000086e+00
1.113399999999999945e+00
1.086899999999999977e+00
1.064699999999999980e+00
1.047400000000000109e+00
1.033300000000000107e+00
1.020599999999999952e+00
9.969000000000000083e-01
9.680999999999999606e-01
9.386999999999999789e-01
9.072000000000000064e-01
8.713999999999999524e-01
8.419999999999999707e-01
8.092000000000000304e-01
7.759000000000000341e-01
7.399999999999999911e-01
7.013000000000000345e-01
6.643999999999999906e-01
6.289000000000000146e-01
5.991999999999999549e-01
5.618999999999999551e-01
5.234999999999999654e-01
4.747999999999999998e-01
4.137000000000000122e-01
3.496000000000000218e-01
2.896000000000000241e-01
2.192999999999999949e-01
2.000000000000000111e-01
2.000000000000000111e-01
2.000000000000000111e-01
2.000000000000000111e-01
2.000000000000000111e-01
2.000000000000000111e-01
2.000000000000000111e-01
2.000000000000000111e-01
2.000000000000000111e-01
2.000000000000000111e-01
2.000000000000000111e-01
2.000000000000000111e-01
2.000000000000000111e-01
2.000000000000000111e-01
2.000000000000000111e-01
2.000000000000000111e-01
2.000000000000000111e-01
2.000000000000000111e-01
2.000000000000000111e-01
2.000000000000000111e-01
2.000000000000000111e-01
2.000000000000000111e-01
2.000000000000000111e-01
2.000000000000000111e-01
2.000000000000000111e-01
2.000000000000000111e-01
2.000000000000000111e-01
2.000000000000000111e-01
2.000000000000000111e-01
2.000000000000000111e-01
2.000000000000000111e-01
2.000000000000000111e-01
2.000000000000000111e-01
2.000000000000000111e-01
2.000000000000000111e-01
2.000000000000000111e-01
2.000000000000000111e-01
2.000000000000000111e-01
2.000000000000000111e-01
2.000000000000000111e-01
2.000000000000000111e-01
2.000000000000000111e-01
2.000000000000000111e-01
2.000000000000000111e-01
2.000000000000000111e-01
2.000000000000000111e-01
2.000000000000000111e-01
2.000000000000000111e-01
2.000000000000000111e-01
2.000000000000000111e-01
2.000000000000000111e-01
2.000000000000000111e-01
2.000000000000000111e-01
2.000000000000000111e-01
2.000000000000000111e-01
2.000000000000000111e-01
2.000000000000000111e-01
2.000000000000000111e-01
2.000000000000000111e-01
2.000000000000000111e-01
2.000000000000000111e-01
2.000000000000000111e-01
2.000000000000000111e-01
2.000000000000000111e-01
2.000000000000000111e-01
2.000000000000000111e-01
2.000000000000000111e-01
2.000000000000000111e-01
2.245000000000000051e-01
2.396000000000000074e-01
2.524000000000000132e-01
2.708999999999999742e-01
2.998999999999999999e-01
3.341999999999999971e-01
3.633000000000000118e-01
3.829000000000000181e-01
4.068999999999999839e-01
4.263000000000000123e-01
4.418000000000000260e-01
4.608999999999999764e-01
4.838999999999999968e-01
4.960999999999999854e-01
5.110000000000000098e-01
5.282999999999999918e-01
5.518999999999999462e-01
5.814000000000000279e-01
6.139999999999999902e-01
6.401999999999999913e-01
6.615999999999999659e-01
6.824000000000000066e-01
7.037999999999999812e-01
7.194000000000000394e-01
7.342999999999999527e-01
7.523999999999999577e-01
7.760000000000000231e-01
8.002000000000000224e-01
8.260999999999999455e-01
8.556000000000000272e-01
8.770000000000000018e-01
8.994999999999999662e-01
9.221000000000000307e-01
9.399999999999999467e-01
9.525000000000000133e-01
9.680999999999999606e-01
9.825000000000000400e-01
9.979000000000000092e-01
1.014499999999999957e+00
1.030399999999999983e+00
1.044399999999999995e+00
1.057600000000000096e+00
1.074000000000000066e+00
1.086200000000000054e+00
1.097199999999999953e+00
1.110600000000000032e+00
1.124300000000000077e+00
1.138200000000000101e+00
1.149000000000000021e+00
1.157100000000000017e+00
1.167300000000000004e+00
1.177100000000000035e+00
1.188199999999999923e+00
1.197200000000000042e+00
1.205200000000000049e+00
1.212199999999999944e+00
1.219200000000000061e+00
1.225800000000000001e+00
1.232199999999999962e+00
1.236900000000000110e+00
1.239200000000000079e+00
1.241500000000000048e+00
1.243600000000000039e+00
1.244799999999999907e+00
1.244699999999999918e+00
1.242899999999999894e+00
1.239300000000000068e+00
1.233999999999999986e+00
1.227500000000000036e+00
1.218099999999999961e+00
1.209899999999999975e+00
1.201100000000000056e+00
1.189400000000000013e+00
1.176099999999999923e+00
1.168600000000000083e+00
1.160900000000000043e+00
1.152199999999999891e+00
1.139100000000000001e+00
1.125699999999999923e+00
1.113699999999999912e+00
1.101900000000000102e+00
1.087800000000000100e+00
1.068200000000000038e+00
1.046899999999999942e+00
1.020599999999999952e+00
9.891999999999999682e-01
9.609999999999999654e-01
9.314999999999999947e-01
9.051000000000000156e-01
8.812999999999999723e-01
8.558000000000000052e-01
8.246999999999999886e-01
7.977999999999999536e-01
7.680000000000000160e-01
7.429999999999999938e-01
7.113000000000000433e-01
6.957999999999999741e-01
6.813000000000000167e-01
6.605999999999999650e-01
6.304999999999999494e-01
6.078999999999999959e-01
5.830999999999999517e-01
5.494999999999999885e-01
5.131999999999999895e-01
4.923000000000000154e-01
4.872000000000000219e-01
4.688999999999999835e-01
4.384000000000000119e-01
4.022000000000000020e-01
3.618999999999999995e-01
3.400000000000000244e-01
3.260000000000000120e-01
3.104999999999999982e-01
2.924999999999999822e-01
2.655000000000000138e-01
2.333999999999999964e-01
2.025000000000000133e-01
2.000000000000000111e-01
2.000000000000000111e-01
2.000000000000000111e-01
2.000000000000000111e-01
2.000000000000000111e-01
2.000000000000000111e-01
2.000000000000000111e-01
2.000000000000000111e-01
2.000000000000000111e-01
2.000000000000000111e-01
2.000000000000000111e-01
2.000000000000000111e-01
2.000000000000000111e-01
2.000000000000000111e-01
2.000000000000000111e-01
2.000000000000000111e-01
2.000000000000000111e-01
2.000000000000000111e-01
2.000000000000000111e-01
2.000000000000000111e-01
2.000000000000000111e-01
2.000000000000000111e-01
2.000000000000000111e-01
2.003000000000000058e-01
2.139999999999999958e-01
2.220999999999999919e-01
2.293999999999999928e-01
2.331000000000000016e-01
2.361999999999999933e-01
2.456000000000000127e-01
2.584000000000000186e-01
2.766000000000000125e-01
3.017000000000000237e-01
3.343999999999999750e-01
3.729999999999999982e-01
3.849000000000000199e-01
3.986000000000000099e-01
4.189999999999999836e-01
4.495000000000000107e-01
4.742999999999999994e-01
4.949000000000000066e-01
5.243999999999999773e-01
5.604999999999999982e-01
5.925000000000000266e-01
6.166000000000000369e-01
6.463999999999999746e-01
6.695999999999999730e-01
6.891000000000000458e-01
7.110999999999999543e-01
7.392999999999999572e-01
7.704999999999999627e-01
7.902000000000000135e-01
7.979000000000000536e-01
8.125000000000000000e-01
8.349999999999999645e-01
8.519999999999999796e-01
8.670999999999999819e-01
8.850000000000000089e-01
9.020000000000000240e-01
9.185999999999999721e-01
9.351000000000000423e-01
9.513000000000000345e-01
9.727000000000000091e-01
9.839999999999999858e-01
9.928000000000000158e-01
1.003600000000000048e+00
1.017200000000000104e+00
1.033500000000000085e+00
1.053500000000000103e+00
1.069900000000000073e+00
1.080999999999999961e+00
1.095399999999999929e+00
1.112500000000000044e+00
1.128200000000000092e+00
1.142900000000000027e+00
1.156300000000000106e+00
1.167300000000000004e+00
1.179699999999999971e+00
1.192499999999999893e+00
1.203799999999999981e+00
1.214900000000000091e+00
1.223700000000000010e+00
1.229300000000000059e+00
1.233400000000000052e+00
1.237500000000000044e+00
1.241500000000000048e+00
1.243800000000000017e+00
1.244899999999999896e+00
1.244799999999999907e+00
1.244399999999999951e+00
1.243500000000000050e+00
1.241700000000000026e+00
1.239000000000000101e+00
1.235999999999999988e+00
1.231100000000000083e+00
1.224499999999999922e+00
1.220199999999999951e+00
1.213799999999999990e+00
1.205300000000000038e+00
1.192700000000000093e+00
1.180299999999999905e+00
1.166099999999999914e+00
1.151699999999999946e+00
1.137999999999999901e+00
1.127199999999999980e+00
1.114600000000000035e+00
1.098400000000000043e+00
1.083499999999999908e+00
1.068500000000000005e+00
1.049700000000000077e+00
1.030699999999999950e+00
1.009500000000000064e+00
9.881999999999999673e-01
9.625000000000000222e-01
9.374000000000000110e-01
9.098000000000000531e-01
8.798000000000000265e-01
8.600999999999999757e-01
8.384000000000000341e-01
8.132000000000000339e-01
7.842999999999999972e-01
7.510999999999999899e-01
7.252999999999999448e-01
7.018999999999999684e-01
6.747999999999999554e-01
6.357000000000000428e-01
5.901999999999999469e-01
5.483999999999999986e-01
5.224999999999999645e-01
4.904999999999999916e-01
4.470000000000000084e-01
3.975000000000000200e-01
3.472000000000000086e-01
2.953999999999999959e-01
2.376999999999999946e-01
2.000000000000000111e-01
2.000000000000000111e-01
2.000000000000000111e-01
2.000000000000000111e-01
2.000000000000000111e-01
2.000000000000000111e-01
2.000000000000000111e-01
2.000000000000000111e-01
2.000000000000000111e-01
2.000000000000000111e-01
2.000000000000000111e-01
2.000000000000000111e-01
2.000000000000000111e-01
2.000000000000000111e-01
2.000000000000000111e-01
2.000000000000000111e-01
2.000000000000000111e-01
2.000000000000000111e-01
2.000000000000000111e-01
2.000000000000000111e-01
2.000000000000000111e-01
2.000000000000000111e-01
2.000000000000000111e-01
2.000000000000000111e-01
2.000000000000000111e-01
2.000000000000000111e-01
2.000000000000000111e-01
2.000000000000000111e-01
2.000000000000000111e-01
2.000000000000000111e-01
2.000000000000000111e-01
2.000000000000000111e-01
2.000000000000000111e-01
2.000000000000000111e-01
2.000000000000000111e-01
2.000000000000000111e-01
2.000000000000000111e-01
2.000000000000000111e-01
2.000000000000000111e-01
2.000000000000000111e-01
2.000000000000000111e-01
2.000000000000000111e-01
2.000000000000000111e-01
2.000000000000000111e-01
2.000000000000000111e-01
2.000000000000000111e-01
2.000000000000000111e-01
2.000000000000000111e-01
2.000000000000000111e-01
2.000000000000000111e-01
2.048000000000000098e-01
2.160999999999999865e-01
2.238999999999999879e-01
2.333000000000000074e-01
2.442999999999999894e-01
2.601999999999999869e-01
2.832999999999999963e-01
3.144000000000000128e-01
3.351999999999999980e-01
3.494999999999999774e-01
3.640999999999999792e-01
3.831999999999999851e-01
4.058999999999999830e-01
4.293000000000000149e-01
4.535000000000000142e-01
4.744999999999999774e-01
4.949000000000000066e-01
5.175999999999999490e-01
5.231999999999999984e-01
5.370000000000000329e-01
5.645000000000000018e-01
5.917999999999999927e-01
6.100999999999999757e-01
6.316000000000000503e-01
6.586999999999999522e-01
6.724999999999999867e-01
6.813000000000000167e-01
6.891000000000000458e-01
6.954000000000000181e-01
7.054000000000000270e-01
7.191999999999999504e-01
7.348999999999999977e-01
7.553999999999999604e-01
7.845999999999999641e-01
8.058999999999999497e-01
8.225000000000000089e-01
8.445000000000000284e-01
8.600999999999999757e-01
8.780999999999999917e-01
8.958000000000000407e-01
9.115999999999999659e-01
9.310000000000000497e-01
9.487999999999999767e-01
9.618999999999999773e-01
9.799999999999999822e-01
9.999000000000000110e-01
1.020199999999999996e+00
1.039700000000000069e+00
1.063099999999999934e+00
1.085900000000000087e+00
1.109699999999999909e+00
1.129699999999999926e+00
1.145299999999999985e+00
1.160099999999999909e+00
1.171799999999999953e+00
1.184500000000000108e+00
1.197899999999999965e+00
1.210299999999999931e+00
1.220900000000000096e+00
1.230199999999999960e+00
1.236799999999999899e+00
1.241600000000000037e+00
1.244399999999999951e+00
1.244799999999999907e+00
1.242899999999999894e+00
1.240599999999999925e+00
1.237300000000000066e+00
1.234099999999999975e+00
1.228399999999999936e+00
1.221500000000000030e+00
1.213000000000000078e+00
1.201400000000000023e+00
1.189100000000000046e+00
1.174400000000000110e+00
1.159899999999999931e+00
1.144400000000000084e+00
1.128500000000000059e+00
1.115599999999999925e+00
1.101599999999999913e+00
1.088400000000000034e+00
1.072400000000000020e+00
1.052999999999999936e+00
1.031700000000000061e+00
1.007800000000000029e+00
9.825000000000000400e-01
9.552000000000000490e-01
9.233000000000000096e-01
8.933999999999999719e-01
8.641999999999999682e-01
8.296999999999999931e-01
7.836999999999999522e-01
7.423999999999999488e-01
7.146000000000000130e-01
6.853000000000000203e-01
6.450000000000000178e-01
6.045000000000000373e-01
5.674000000000000155e-01
5.273999999999999799e-01
4.843000000000000083e-01
4.626000000000000112e-01
4.239999999999999880e-01
3.804000000000000159e-01
3.323999999999999733e-01
2.763999999999999790e-01
2.059999999999999887e-01
2.000000000000000111e-01
2.000000000000000111e-01
2.000000000000000111e-01
2.000000000000000111e-01
2.000000000000000111e-01
2.000000000000000111e-01
2.000000000000000111e-01
2.000000000000000111e-01
2.000000000000000111e-01
2.000000000000000111e-01
2.000000000000000111e-01
2.000000000000000111e-01
2.000000000000000111e-01
2.000000000000000111e-01
2.000000000000000111e-01
2.000000000000000111e-01
2.000000000000000111e-01
2.000000000000000111e-01
2.000000000000000111e-01
2.000000000000000111e-01
2.000000000000000111e-01
2.000000000000000111e-01
2.000000000000000111e-01
2.000000000000000111e-01
2.000000000000000111e-01
2.000000000000000111e-01
2.000000000000000111e-01
2.000000000000000111e-01
2.000000000000000111e-01
2.000000000000000111e-01
2.000000000000000111e-01
2.000000000000000111e-01
2.000000000000000111e-01
2.000000000000000111e-01
2.000000000000000111e-01
2.000000000000000111e-01
2.000000000000000111e-01
2.000000000000000111e-01
2.000000000000000111e-01
2.000000000000000111e-01
2.000000000000000111e-01
2.000000000000000111e-01
2.000000000000000111e-01
2.000000000000000111e-01
2.000000000000000111e-01
2.000000000000000111e-01
2.000000000000000111e-01
2.000000000000000111e-01
2.000000000000000111e-01
2.000000000000000111e-01
2.000000000000000111e-01
2.039999999999999869e-01
2.320000000000000118e-01
2.605000000000000093e-01
2.896000000000000241e-01
3.028000000000000136e-01
3.159000000000000141e-01
3.370000000000000218e-01
3.645999999999999797e-01
3.910000000000000142e-01
4.102000000000000091e-01
4.294999999999999929e-01
4.476999999999999869e-01
4.714999999999999747e-01
5.014999999999999458e-01
5.389000000000000457e-01
5.739999999999999547e-01
6.026000000000000245e-01
6.300000000000000044e-01
6.595999999999999641e-01
6.713999999999999968e-01
6.805999999999999828e-01
6.919999999999999485e-01
7.030999999999999472e-01
7.248999999999999888e-01
7.368999999999999995e-01
7.523999999999999577e-01
7.702999999999999847e-01
7.831000000000000183e-01
7.984999999999999876e-01
8.185999999999999943e-01
8.407999999999999918e-01
8.639999999999999902e-01
8.925999999999999490e-01
9.215999999999999748e-01
9.498999999999999666e-01
9.788000000000000034e-01
9.997000000000000330e-01
1.019800000000000040e+00
1.041400000000000103e+00
1.063099999999999934e+00
1.086200000000000054e+00
1.100700000000000012e+00
1.110400000000000054e+00
1.122200000000000086e+00
1.132900000000000018e+00
1.148600000000000065e+00
1.166700000000000070e+00
1.182800000000000074e+00
1.196199999999999930e+00
1.207200000000000051e+00
1.215200000000000058e+00
1.222299999999999942e+00
1.228599999999999914e+00
1.232199999999999962e+00
1.234900000000000109e+00
1.238899999999999890e+00
1.242199999999999971e+00
1.244199999999999973e+00
1.245000000000000107e+00
1.244699999999999918e+00
1.243900000000000006e+00
1.241999999999999993e+00
1.239999999999999991e+00
1.237600000000000033e+00
1.235100000000000087e+00
1.231100000000000083e+00
1.226099999999999968e+00
1.219999999999999973e+00
1.211899999999999977e+00
1.202199999999999935e+00
1.189400000000000013e+00
1.174600000000000088e+00
1.161499999999999977e+00
1.150500000000000078e+00
1.141399999999999970e+00
1.128200000000000092e+00
1.110800000000000010e+00
1.091499999999999915e+00
1.068699999999999983e+00
1.043800000000000061e+00
1.015500000000000069e+00
9.837000000000000188e-01
9.582000000000000517e-01
9.457999999999999741e-01
9.348999999999999533e-01
9.197999999999999510e-01
8.993999999999999773e-01
8.691999999999999726e-01
8.470999999999999641e-01
8.377999999999999892e-01
8.252000000000000446e-01
8.041000000000000369e-01
7.755999999999999561e-01
7.463999999999999524e-01
7.157999999999999918e-01
6.828999999999999515e-01
6.489000000000000323e-01
6.048999999999999932e-01
5.677999999999999714e-01
5.322999999999999954e-01
4.949000000000000066e-01
4.660000000000000253e-01
4.526000000000000023e-01
4.420999999999999930e-01
4.364999999999999991e-01
4.330999999999999850e-01
4.208999999999999964e-01
3.998999999999999777e-01
3.749000000000000110e-01
3.421000000000000152e-01
2.965999999999999748e-01
2.469999999999999973e-01
2.227999999999999980e-01
2.129000000000000059e-01
2.033999999999999975e-01
2.003999999999999948e-01
2.000000000000000111e-01
2.000000000000000111e-01
2.000000000000000111e-01
2.000000000000000111e-01
2.000000000000000111e-01
2.000000000000000111e-01
2.000000000000000111e-01
2.000000000000000111e-01
2.000000000000000111e-01
2.000000000000000111e-01
2.000000000000000111e-01
2.000000000000000111e-01
2.000000000000000111e-01
2.000000000000000111e-01
2.000000000000000111e-01
2.000000000000000111e-01
2.000000000000000111e-01
2.000000000000000111e-01
2.000000000000000111e-01
2.000000000000000111e-01
2.000000000000000111e-01
2.000000000000000111e-01
2.000000000000000111e-01
2.000000000000000111e-01
2.000000000000000111e-01
2.000000000000000111e-01
2.000000000000000111e-01
2.000000000000000111e-01
2.000000000000000111e-01
2.036999999999999922e-01
2.116000000000000103e-01
2.134000000000000064e-01
2.192000000000000060e-01
2.353999999999999981e-01
2.617999999999999772e-01
2.819999999999999729e-01
2.857000000000000095e-01
2.888000000000000012e-01
3.009000000000000008e-01
3.144000000000000128e-01
3.240999999999999992e-01
3.355000000000000204e-01
3.526000000000000245e-01
3.704999999999999960e-01
3.915000000000000147e-01
4.174999999999999822e-01
4.393000000000000238e-01
4.583999999999999742e-01
4.870999999999999774e-01
5.171000000000000041e-01
5.382000000000000117e-01
5.575999999999999845e-01
5.693000000000000282e-01
5.820999999999999508e-01
5.965000000000000302e-01
6.208000000000000185e-01
6.509000000000000341e-01
6.689000000000000501e-01
6.866999999999999771e-01
7.003000000000000336e-01
7.218999999999999861e-01
7.439999999999999947e-01
7.590000000000000080e-01
7.734999999999999654e-01
7.914999999999999813e-01
8.146999999999999797e-01
8.399999999999999689e-01
8.643999999999999462e-01
8.858000000000000318e-01
9.070000000000000284e-01
9.210000000000000409e-01
9.384000000000000119e-01
9.564000000000000279e-01
9.778000000000000025e-01
1.000499999999999945e+00
1.019099999999999895e+00
1.037300000000000111e+00
1.050899999999999945e+00
1.062400000000000011e+00
1.075599999999999890e+00
1.091299999999999937e+00
1.110500000000000043e+00
1.130100000000000104e+00
1.150800000000000045e+00
1.168900000000000050e+00
1.184199999999999919e+00
1.197400000000000020e+00
1.208900000000000086e+00
1.217600000000000016e+00
1.224099999999999966e+00
1.229899999999999993e+00
1.235200000000000076e+00
1.239900000000000002e+00
1.242699999999999916e+00
1.244499999999999940e+00
1.245000000000000107e+00
1.244199999999999973e+00
1.242399999999999949e+00
1.240599999999999925e+00
1.237200000000000077e+00
1.232799999999999896e+00
1.226499999999999924e+00
1.219600000000000017e+00
1.210900000000000087e+00
1.201100000000000056e+00
1.191799999999999971e+00
1.180800000000000072e+00
1.172600000000000087e+00
1.163200000000000012e+00
1.146200000000000108e+00
1.126500000000000057e+00
1.104700000000000015e+00
1.083099999999999952e+00
1.058000000000000052e+00
1.034599999999999964e+00
1.009300000000000086e+00
9.858000000000000096e-01
9.609999999999999654e-01
9.333000000000000185e-01
9.093999999999999861e-01
8.924999999999999600e-01
8.711999999999999744e-01
8.453000000000000513e-01
8.132000000000000339e-01
7.798000000000000487e-01
7.368000000000000105e-01
6.921000000000000485e-01
6.530000000000000249e-01
6.163999999999999480e-01
5.971999999999999531e-01
5.743000000000000327e-01
5.445999999999999730e-01
5.041999999999999815e-01
4.491999999999999882e-01
4.137000000000000122e-01
3.827999999999999736e-01
3.572000000000000175e-01
3.311999999999999944e-01
3.048000000000000154e-01
2.808999999999999830e-01
2.520999999999999908e-01
2.253000000000000003e-01
2.000000000000000111e-01
2.000000000000000111e-01
2.000000000000000111e-01
2.000000000000000111e-01
2.000000000000000111e-01
2.000000000000000111e-01
2.000000000000000111e-01
2.000000000000000111e-01
2.000000000000000111e-01
2.000000000000000111e-01
2.000000000000000111e-01
2.000000000000000111e-01
2.000000000000000111e-01
2.000000000000000111e-01
2.000000000000000111e-01
2.000000000000000111e-01
2.000000000000000111e-01
2.000000000000000111e-01
2.000000000000000111e-01
2.000000000000000111e-01
2.000000000000000111e-01
2.000000000000000111e-01
2.000000000000000111e-01
2.000000000000000111e-01
2.000000000000000111e-01
2.000000000000000111e-01
2.000000000000000111e-01
2.000000000000000111e-01
2.000000000000000111e-01
2.000000000000000111e-01
2.000000000000000111e-01
2.000000000000000111e-01
2.000000000000000111e-01
2.000000000000000111e-01
2.000000000000000111e-01
2.000000000000000111e-01
2.000000000000000111e-01
2.000000000000000111e-01
2.000000000000000111e-01
2.000000000000000111e-01
2.000000000000000111e-01
2.056000000000000050e-01
2.207999999999999963e-01
2.252000000000000113e-01
2.250000000000000056e-01
2.283999999999999919e-01
2.396000000000000074e-01
2.540000000000000036e-01
2.716999999999999971e-01
2.778999999999999804e-01
2.752999999999999892e-01
2.644000000000000239e-01
2.600000000000000089e-01
2.610000000000000098e-01
2.696000000000000063e-01
2.913999999999999924e-01
3.069000000000000061e-01
3.249000000000000221e-01
3.484999999999999765e-01
3.729999999999999982e-01
3.896999999999999909e-01
4.033999999999999808e-01
4.137000000000000122e-01
4.179999999999999827e-01
4.293000000000000149e-01
4.536999999999999922e-01
4.863000000000000100e-01
5.040000000000000036e-01
5.165999999999999481e-01
5.313999999999999835e-01
5.459000000000000519e-01
5.659999999999999476e-01
5.870999999999999552e-01
6.162999999999999590e-01
6.465999999999999526e-01
6.723000000000000087e-01
6.986999999999999877e-01
7.268999999999999906e-01
7.512999999999999678e-01
7.749000000000000332e-01
8.028999999999999471e-01
8.332000000000000517e-01
8.615000000000000435e-01
8.810000000000000053e-01
8.963999999999999746e-01
9.102000000000000091e-01
9.267999999999999572e-01
9.416999999999999815e-01
9.526999999999999913e-01
9.701999999999999513e-01
9.899999999999999911e-01
1.014000000000000012e+00
1.038799999999999946e+00
1.053399999999999892e+00
1.068500000000000005e+00
1.081599999999999895e+00
1.087499999999999911e+00
1.102200000000000069e+00
1.118600000000000039e+00
1.129499999999999948e+00
1.140800000000000036e+00
1.154199999999999893e+00
1.161599999999999966e+00
1.171699999999999964e+00
1.182299999999999907e+00
1.192299999999999915e+00
1.201100000000000056e+00
1.210900000000000087e+00
1.219300000000000050e+00
1.225700000000000012e+00
1.230499999999999927e+00
1.235600000000000032e+00
1.239700000000000024e+00
1.242499999999999938e+00
1.244299999999999962e+00
1.244899999999999896e+00
1.244799999999999907e+00
1.244099999999999984e+00
1.242499999999999938e+00
1.239700000000000024e+00
1.235400000000000054e+00
1.230099999999999971e+00
1.225100000000000078e+00
1.218499999999999917e+00
1.210900000000000087e+00
1.202199999999999935e+00
1.194800000000000084e+00
1.187799999999999967e+00
1.178299999999999903e+00
1.167100000000000026e+00
1.154400000000000093e+00
1.144800000000000040e+00
1.129499999999999948e+00
1.113099999999999978e+00
1.101900000000000102e+00
1.090500000000000025e+00
1.080699999999999994e+00
1.070899999999999963e+00
1.056499999999999995e+00
1.033900000000000041e+00
1.005400000000000071e+00
9.915000000000000480e-01
9.830999999999999739e-01
9.794000000000000483e-01
9.696000000000000174e-01
9.579999999999999627e-01
9.484000000000000208e-01
9.324000000000000066e-01
9.080000000000000293e-01
8.902999999999999803e-01
8.800999999999999934e-01
8.721999999999999753e-01
8.604000000000000536e-01
8.477000000000000091e-01
8.380999999999999561e-01
8.225999999999999979e-01
8.118999999999999551e-01
8.021000000000000352e-01
7.959000000000000519e-01
7.914999999999999813e-01
7.814999999999999725e-01
7.814999999999999725e-01
7.864999999999999769e-01
7.879000000000000448e-01
7.901000000000000245e-01
7.923000000000000043e-01
7.961000000000000298e-01
7.953000000000000069e-01
7.923000000000000043e-01
7.792000000000000037e-01
7.472999999999999643e-01
7.237999999999999989e-01
6.924000000000000155e-01
6.710000000000000409e-01
6.502000000000000002e-01
6.328000000000000291e-01
2.000000000000000111e-01
2.000000000000000111e-01
2.000000000000000111e-01
2.000000000000000111e-01
2.000000000000000111e-01
2.000000000000000111e-01
2.000000000000000111e-01
2.000000000000000111e-01
2.000000000000000111e-01
2.000000000000000111e-01
2.000000000000000111e-01
2.000000000000000111e-01
2.000000000000000111e-01
2.000000000000000111e-01
2.000000000000000111e-01
2.000000000000000111e-01
2.000000000000000111e-01
2.000000000000000111e-01
2.000000000000000111e-01
2.000000000000000111e-01
2.000000000000000111e-01
2.102999999999999869e-01
2.320000000000000118e-01
2.548000000000000265e-01
2.761000000000000121e-01
2.998999999999999999e-01
3.229000000000000203e-01
3.443999999999999839e-01
3.620999999999999774e-01
3.773000000000000242e-01
3.917999999999999816e-01
4.107000000000000095e-01
4.303000000000000158e-01
4.588999999999999746e-01
4.853000000000000091e-01
5.020000000000000018e-01
5.165999999999999481e-01
5.358000000000000540e-01
5.575999999999999845e-01
5.823000000000000398e-01
6.132999999999999563e-01
6.381000000000000005e-01
6.571000000000000174e-01
6.739000000000000545e-01
6.897999999999999687e-01
7.076000000000000068e-01
7.295000000000000373e-01
7.556000000000000494e-01
7.791000000000000147e-01
7.997999999999999554e-01
8.194000000000000172e-01
8.416000000000000147e-01
8.624000000000000554e-01
8.711999999999999744e-01
8.824999999999999512e-01
8.993999999999999773e-01
9.205999999999999739e-01
9.418999999999999595e-01
9.605000000000000204e-01
9.747999999999999998e-01
9.928000000000000158e-01
1.009400000000000075e+00
1.021600000000000064e+00
1.033300000000000107e+00
1.046000000000000041e+00
1.061700000000000088e+00
1.074799999999999978e+00
1.092500000000000027e+00
1.109399999999999942e+00
1.125399999999999956e+00
1.139999999999999902e+00
1.153899999999999926e+00
1.168800000000000061e+00
1.180099999999999927e+00
1.190700000000000092e+00
1.201799999999999979e+00
1.211699999999999999e+00
1.220399999999999929e+00
1.225500000000000034e+00
1.231800000000000006e+00
1.236299999999999955e+00
1.240099999999999980e+00
1.242599999999999927e+00
1.244299999999999962e+00
1.245000000000000107e+00
1.244399999999999951e+00
1.242799999999999905e+00
1.239700000000000024e+00
1.234599999999999920e+00
1.227600000000000025e+00
1.219300000000000050e+00
1.209400000000000031e+00
1.197699999999999987e+00
1.187200000000000033e+00
1.174900000000000055e+00
1.164700000000000069e+00
1.156099999999999905e+00
1.143000000000000016e+00
1.122999999999999998e+00
1.104100000000000081e+00
1.083700000000000108e+00
1.060899999999999954e+00
1.032999999999999918e+00
1.003200000000000092e+00
9.687000000000000055e-01
9.411000000000000476e-01
9.098000000000000531e-01
8.749000000000000110e-01
8.401999999999999469e-01
8.026999999999999691e-01
7.593999999999999639e-01
7.173000000000000487e-01
6.742000000000000215e-01
6.299000000000000155e-01
5.875000000000000222e-01
5.471000000000000307e-01
5.039000000000000146e-01
4.521999999999999909e-01
4.144999999999999796e-01
3.753000000000000225e-01
3.307999999999999829e-01
2.688999999999999724e-01
2.000000000000000111e-01
2.000000000000000111e-01
2.000000000000000111e-01
2.000000000000000111e-01
2.000000000000000111e-01
2.000000000000000111e-01
2.000000000000000111e-01
2.000000000000000111e-01
2.000000000000000111e-01
2.000000000000000111e-01
2.000000000000000111e-01
2.000000000000000111e-01
2.000000000000000111e-01
2.000000000000000111e-01
2.000000000000000111e-01
2.000000000000000111e-01
2.000000000000000111e-01
2.000000000000000111e-01
2.000000000000000111e-01
2.000000000000000111e-01
2.000000000000000111e-01
2.000000000000000111e-01
2.000000000000000111e-01
2.000000000000000111e-01
2.000000000000000111e-01
2.000000000000000111e-01
2.000000000000000111e-01
2.000000000000000111e-01
2.000000000000000111e-01
2.000000000000000111e-01
2.000000000000000111e-01
2.000000000000000111e-01
2.000000000000000111e-01
2.000000000000000111e-01
2.000000000000000111e-01
2.000000000000000111e-01
2.000000000000000111e-01
2.000000000000000111e-01
2.000000000000000111e-01
2.000000000000000111e-01
2.000000000000000111e-01
2.000000000000000111e-01
2.000000000000000111e-01
2.000000000000000111e-01
2.000000000000000111e-01
2.000000000000000111e-01
2.000000000000000111e-01
2.000000000000000111e-01
2.000000000000000111e-01
2.000000000000000111e-01
2.000000000000000111e-01
2.000000000000000111e-01
2.000000000000000111e-01
2.000000000000000111e-01
2.000000000000000111e-01
2.036999999999999922e-01
2.200000000000000011e-01
2.479999999999999982e-01
2.656999999999999917e-01
2.852000000000000091e-01
3.086999999999999744e-01
3.426000000000000156e-01
3.788000000000000256e-01
4.207000000000000184e-01
4.623999999999999777e-01
4.980999999999999872e-01
5.141999999999999904e-01
5.319000000000000394e-01
5.411000000000000254e-01
5.556999999999999718e-01
5.716999999999999860e-01
5.854000000000000314e-01
6.029999999999999805e-01
6.235000000000000542e-01
6.506999999999999451e-01
6.906999999999999806e-01
7.203000000000000513e-01
7.439999999999999947e-01
7.616000000000000547e-01
7.832999999999999963e-01
8.022000000000000242e-01
8.223000000000000309e-01
8.465000000000000302e-01
8.766000000000000458e-01
9.012000000000000011e-01
9.210000000000000409e-01
9.455000000000000071e-01
9.741999999999999549e-01
1.003300000000000081e+00
1.031600000000000072e+00
1.059399999999999897e+00
1.086799999999999988e+00
1.112200000000000077e+00
1.133199999999999985e+00
1.149899999999999922e+00
1.161699999999999955e+00
1.173200000000000021e+00
1.183999999999999941e+00
1.194700000000000095e+00
1.205999999999999961e+00
1.215899999999999981e+00
1.225200000000000067e+00
1.231100000000000083e+00
1.236199999999999966e+00
1.240399999999999947e+00
1.243500000000000050e+00
1.244899999999999896e+00
1.244499999999999940e+00
1.243200000000000083e+00
1.241200000000000081e+00
1.237500000000000044e+00
1.233300000000000063e+00
1.226399999999999935e+00
1.221400000000000041e+00
1.214099999999999957e+00
1.205400000000000027e+00
1.194199999999999928e+00
1.182099999999999929e+00
1.170400000000000107e+00
1.154199999999999893e+00
1.136200000000000099e+00
1.115799999999999903e+00
1.091399999999999926e+00
1.062000000000000055e+00
1.037700000000000067e+00
1.004799999999999915e+00
9.770999999999999686e-01
9.431000000000000494e-01
9.153999999999999915e-01
8.840000000000000080e-01
8.607000000000000206e-01
8.263000000000000345e-01
7.942000000000000171e-01
7.570999999999999952e-01
7.194000000000000394e-01
6.751000000000000334e-01
6.178000000000000158e-01
5.661000000000000476e-01
5.278000000000000469e-01
5.023999999999999577e-01
4.754999999999999782e-01
4.534000000000000252e-01
4.189999999999999836e-01
3.881999999999999895e-01
3.532000000000000139e-01
3.336000000000000076e-01
3.089000000000000079e-01
2.767999999999999905e-01
2.394000000000000017e-01
2.000000000000000111e-01
2.000000000000000111e-01
2.000000000000000111e-01
2.000000000000000111e-01
2.000000000000000111e-01
2.000000000000000111e-01
2.000000000000000111e-01
2.000000000000000111e-01
2.000000000000000111e-01
2.000000000000000111e-01
2.000000000000000111e-01
2.000000000000000111e-01
2.000000000000000111e-01
2.000000000000000111e-01
2.000000000000000111e-01
2.000000000000000111e-01
2.000000000000000111e-01
2.000000000000000111e-01
2.000000000000000111e-01
2.000000000000000111e-01
2.000000000000000111e-01
2.000000000000000111e-01
2.000000000000000111e-01
2.000000000000000111e-01
2.000000000000000111e-01
2.000000000000000111e-01
2.000000000000000111e-01
2.000000000000000111e-01
2.000000000000000111e-01
2.000000000000000111e-01
2.000000000000000111e-01
2.000000000000000111e-01
2.000000000000000111e-01
2.000000000000000111e-01
2.000000000000000111e-01
2.000000000000000111e-01
2.000000000000000111e-01
2.000000000000000111e-01
2.000000000000000111e-01
2.000000000000000111e-01
2.000000000000000111e-01
2.000000000000000111e-01
2.000000000000000111e-01
2.000000000000000111e-01
2.000000000000000111e-01
2.000000000000000111e-01
2.000000000000000111e-01
2.000000000000000111e-01
2.000000000000000111e-01
2.000000000000000111e-01
2.000000000000000111e-01
2.053000000000000103e-01
2.225999999999999923e-01
2.399000000000000021e-01
2.622999999999999776e-01
2.923999999999999932e-01
3.156999999999999806e-01
3.234000000000000208e-01
3.256999999999999895e-01
3.333999999999999742e-01
3.438999999999999835e-01
3.531000000000000250e-01
3.687000000000000277e-01
3.804000000000000159e-01
3.947999999999999843e-01
4.134999999999999787e-01
4.293000000000000149e-01
4.481999999999999873e-01
4.643999999999999795e-01
4.711000000000000187e-01
4.917000000000000259e-01
5.063999999999999613e-01
5.272999999999999909e-01
5.452000000000000179e-01
5.678999999999999604e-01
5.934000000000000385e-01
6.108000000000000096e-01
6.304999999999999494e-01
6.492999999999999883e-01
6.700000000000000400e-01
6.868999999999999551e-01
6.979999999999999538e-01
7.130999999999999561e-01
7.254000000000000448e-01
7.425000000000000488e-01
7.621999999999999886e-01
7.843999999999999861e-01
8.102000000000000313e-01
8.359999999999999654e-01
8.518999999999999906e-01
8.643999999999999462e-01
8.801999999999999824e-01
9.006999999999999451e-01
9.243000000000000105e-01
9.515000000000000124e-01
9.664000000000000368e-01
9.795000000000000373e-01
9.970999999999999863e-01
1.015600000000000058e+00
1.030899999999999928e+00
1.050300000000000011e+00
1.071499999999999897e+00
1.090700000000000003e+00
1.105099999999999971e+00
1.116200000000000081e+00
1.127899999999999903e+00
1.139499999999999957e+00
1.150300000000000100e+00
1.161999999999999922e+00
1.172900000000000054e+00
1.182299999999999907e+00
1.192199999999999926e+00
1.203699999999999992e+00
1.214599999999999902e+00
1.221200000000000063e+00
1.226099999999999968e+00
1.230599999999999916e+00
1.233200000000000074e+00
1.236099999999999977e+00
1.239400000000000057e+00
1.242499999999999938e+00
1.243999999999999995e+00
1.244699999999999918e+00
1.244899999999999896e+00
1.244399999999999951e+00
1.243000000000000105e+00
1.239600000000000035e+00
1.236099999999999977e+00
1.231400000000000050e+00
1.225500000000000034e+00
1.218599999999999905e+00
1.209500000000000020e+00
1.201300000000000034e+00
1.195300000000000029e+00
1.185499999999999998e+00
1.172299999999999898e+00
1.158500000000000085e+00
1.146500000000000075e+00
1.132600000000000051e+00
1.114700000000000024e+00
1.096300000000000052e+00
1.086899999999999977e+00
1.074300000000000033e+00
1.059399999999999897e+00
1.047600000000000087e+00
1.035700000000000065e+00
1.014899999999999913e+00
9.864000000000000545e-01
9.565000000000000169e-01
9.294999999999999929e-01
8.953999999999999737e-01
8.687000000000000277e-01
8.401999999999999469e-01
8.062000000000000277e-01
7.719000000000000306e-01
7.338999999999999968e-01
7.167000000000000037e-01
7.046000000000000041e-01
6.858999999999999542e-01
6.732000000000000206e-01
6.549000000000000377e-01
6.227000000000000313e-01
5.789999999999999591e-01
5.331000000000000183e-01
4.818000000000000060e-01
4.243999999999999995e-01
3.643000000000000127e-01
3.125999999999999890e-01
2.738999999999999768e-01
2.538000000000000256e-01
2.381000000000000061e-01
2.154999999999999971e-01
2.000000000000000111e-01
2.000000000000000111e-01
2.000000000000000111e-01
2.000000000000000111e-01
2.000000000000000111e-01
2.000000000000000111e-01
2.000000000000000111e-01
2.000000000000000111e-01
2.000000000000000111e-01
2.000000000000000111e-01
2.000000000000000111e-01
2.000000000000000111e-01
2.000000000000000111e-01
2.000000000000000111e-01
2.000000000000000111e-01
2.000000000000000111e-01
2.000000000000000111e-01
2.000000000000000111e-01
2.000000000000000111e-01
2.000000000000000111e-01
2.000000000000000111e-01
2.000000000000000111e-01
2.000000000000000111e-01
2.000000000000000111e-01
2.000000000000000111e-01
2.000000000000000111e-01
2.000000000000000111e-01
2.000000000000000111e-01
2.000000000000000111e-01
2.000000000000000111e-01
2.000000000000000111e-01
2.000000000000000111e-01
2.000000000000000111e-01
2.000000000000000111e-01
2.000000000000000111e-01
2.000000000000000111e-01
2.000000000000000111e-01
2.000000000000000111e-01
2.000000000000000111e-01
2.124000000000000055e-01
2.359999999999999876e-01
2.541999999999999815e-01
2.691000000000000059e-01
2.778999999999999804e-01
2.898000000000000020e-01
3.104999999999999982e-01
3.338999999999999746e-01
3.528999999999999915e-01
3.760000000000000009e-01
4.006000000000000116e-01
4.243000000000000105e-01
4.304999999999999938e-01
4.405000000000000027e-01
4.583999999999999742e-01
4.833999999999999964e-01
5.018000000000000238e-01
5.159000000000000252e-01
5.319000000000000394e-01
5.531000000000000361e-01
5.699999999999999512e-01
5.879999999999999671e-01
6.041999999999999593e-01
6.205000000000000515e-01
6.388000000000000345e-01
6.556999999999999496e-01
6.743000000000000105e-01
6.979999999999999538e-01
7.173000000000000487e-01
7.383999999999999453e-01
7.618000000000000327e-01
7.864999999999999769e-01
8.064000000000000057e-01
8.255000000000000115e-01
8.463000000000000522e-01
8.643999999999999462e-01
8.782999999999999696e-01
8.980000000000000204e-01
9.193999999999999950e-01
9.425000000000000044e-01
9.684000000000000385e-01
9.912999999999999590e-01
1.011800000000000033e+00
1.030599999999999961e+00
1.049400000000000110e+00
1.067499999999999893e+00
1.088200000000000056e+00
1.102899999999999991e+00
1.115199999999999969e+00
1.131099999999999994e+00
1.146700000000000053e+00
1.159899999999999931e+00
1.173200000000000021e+00
1.187200000000000033e+00
1.197599999999999998e+00
1.205200000000000049e+00
1.212800000000000100e+00
1.218699999999999894e+00
1.223899999999999988e+00
1.229100000000000081e+00
1.234499999999999931e+00
1.238399999999999945e+00
1.240199999999999969e+00
1.242299999999999960e+00
1.243999999999999995e+00
1.244899999999999896e+00
1.244599999999999929e+00
1.242599999999999927e+00
1.239200000000000079e+00
1.234299999999999953e+00
1.228199999999999958e+00
1.221400000000000041e+00
1.213700000000000001e+00
1.204700000000000104e+00
1.194099999999999939e+00
1.182600000000000096e+00
1.173999999999999932e+00
1.164800000000000058e+00
1.152099999999999902e+00
1.135899999999999910e+00
1.117299999999999960e+00
1.093900000000000095e+00
1.068699999999999983e+00
1.044399999999999995e+00
1.024399999999999977e+00
9.990999999999999881e-01
9.709999999999999742e-01
9.445000000000000062e-01
9.260000000000000453e-01
9.112000000000000099e-01
8.962999999999999856e-01
8.840000000000000080e-01
8.689000000000000057e-01
8.501999999999999558e-01
8.223000000000000309e-01
7.855999999999999650e-01
7.673999999999999710e-01
7.490999999999999881e-01
7.265000000000000346e-01
7.082000000000000517e-01
6.903000000000000247e-01
6.713000000000000078e-01
6.559000000000000385e-01
6.401999999999999913e-01
6.155000000000000471e-01
5.826999999999999957e-01
5.508999999999999453e-01
5.594999999999999973e-01
5.697999999999999732e-01
5.786999999999999922e-01
5.826999999999999957e-01
5.870999999999999552e-01
5.794000000000000261e-01
5.618999999999999551e-01
5.386999999999999567e-01
5.113999999999999657e-01
4.758999999999999897e-01
4.399000000000000132e-01
4.037000000000000033e-01
3.769000000000000128e-01
3.331999999999999962e-01
2.883999999999999897e-01
2.511999999999999789e-01
2.000000000000000111e-01
2.000000000000000111e-01
2.000000000000000111e-01
2.000000000000000111e-01
2.000000000000000111e-01
2.000000000000000111e-01
2.000000000000000111e-01
2.000000000000000111e-01
2.000000000000000111e-01
2.000000000000000111e-01
2.000000000000000111e-01
2.000000000000000111e-01
2.000000000000000111e-01
2.000000000000000111e-01
2.000000000000000111e-01
2.000000000000000111e-01
2.000000000000000111e-01
2.000000000000000111e-01
2.000000000000000111e-01
2.000000000000000111e-01
2.000000000000000111e-01
2.000000000000000111e-01
2.000000000000000111e-01
2.000000000000000111e-01
2.000000000000000111e-01
2.000000000000000111e-01
2.000000000000000111e-01
2.000000000000000111e-01
2.000000000000000111e-01
2.008000000000000063e-01
2.237000000000000099e-01
2.510999999999999899e-01
2.711000000000000076e-01
2.947000000000000175e-01
3.265000000000000124e-01
3.582000000000000184e-01
3.814000000000000168e-01
3.932999999999999829e-01
4.139999999999999791e-01
4.410000000000000031e-01
4.641000000000000125e-01
4.618999999999999773e-01
4.641000000000000125e-01
4.663999999999999813e-01
4.701000000000000179e-01
4.787000000000000144e-01
4.970999999999999863e-01
5.243999999999999773e-01
5.515999999999999792e-01
5.846999999999999975e-01
6.198000000000000176e-01
6.524999999999999689e-01
6.770000000000000462e-01
7.026999999999999913e-01
7.264000000000000457e-01
7.504999999999999449e-01
7.741000000000000103e-01
7.919000000000000483e-01
8.095999999999999863e-01
8.290999999999999481e-01
8.508999999999999897e-01
8.745000000000000551e-01
8.931999999999999940e-01
9.095999999999999641e-01
9.304999999999999938e-01
9.485999999999999988e-01
9.609999999999999654e-01
9.758999999999999897e-01
9.929999999999999938e-01
1.008399999999999963e+00
1.024799999999999933e+00
1.040300000000000002e+00
1.054300000000000015e+00
1.068200000000000038e+00
1.077900000000000080e+00
1.086699999999999999e+00
1.098799999999999999e+00
1.112000000000000099e+00
1.125699999999999923e+00
1.139000000000000012e+00
1.146900000000000031e+00
1.157899999999999929e+00
1.171799999999999953e+00
1.185200000000000031e+00
1.199400000000000022e+00
1.207600000000000007e+00
1.215300000000000047e+00
1.223799999999999999e+00
1.232199999999999962e+00
1.238099999999999978e+00
1.242599999999999927e+00
1.244799999999999907e+00
1.244799999999999907e+00
1.243200000000000083e+00
1.241100000000000092e+00
1.237800000000000011e+00
1.233600000000000030e+00
1.228099999999999969e+00
1.219799999999999995e+00
1.210399999999999920e+00
1.203400000000000025e+00
1.198399999999999910e+00
1.192800000000000082e+00
1.185699999999999976e+00
1.177300000000000013e+00
1.165499999999999980e+00
1.151000000000000023e+00
1.134500000000000064e+00
1.118700000000000028e+00
1.104899999999999993e+00
1.095199999999999951e+00
1.086999999999999966e+00
1.079800000000000093e+00
1.068200000000000038e+00
1.049700000000000077e+00
1.027199999999999891e+00
1.004000000000000004e+00
9.804000000000000492e-01
9.508999999999999675e-01
9.234999999999999876e-01
9.042000000000000037e-01
8.840000000000000080e-01
8.560999999999999721e-01
8.263000000000000345e-01
7.920000000000000373e-01
7.530999999999999917e-01
7.139999999999999680e-01
6.754000000000000004e-01
6.286000000000000476e-01
5.773000000000000353e-01
5.189000000000000279e-01
4.637999999999999901e-01
4.243999999999999995e-01
3.839000000000000190e-01
3.360000000000000209e-01
3.118000000000000216e-01
2.826000000000000179e-01
2.525000000000000022e-01
2.154999999999999971e-01
2.000000000000000111e-01
2.000000000000000111e-01
2.000000000000000111e-01
2.000000000000000111e-01
2.000000000000000111e-01
2.000000000000000111e-01
2.000000000000000111e-01
2.000000000000000111e-01
2.000000000000000111e-01
2.000000000000000111e-01
2.000000000000000111e-01
2.000000000000000111e-01
2.000000000000000111e-01
2.000000000000000111e-01
2.000000000000000111e-01
2.000000000000000111e-01
2.000000000000000111e-01
2.000000000000000111e-01
2.000000000000000111e-01
2.000000000000000111e-01
2.000000000000000111e-01
2.000000000000000111e-01
2.000000000000000111e-01
2.000000000000000111e-01
2.000000000000000111e-01
2.000000000000000111e-01
2.000000000000000111e-01
2.000000000000000111e-01
2.000000000000000111e-01
2.000000000000000111e-01
2.000000000000000111e-01
2.000000000000000111e-01
2.215999999999999914e-01
2.524000000000000132e-01
2.932000000000000162e-01
3.297999999999999821e-01
3.402999999999999914e-01
3.548999999999999932e-01
3.738000000000000211e-01
3.996000000000000107e-01
4.304999999999999938e-01
4.646000000000000130e-01
5.008000000000000229e-01
5.364999999999999769e-01
5.709999999999999520e-01
5.984000000000000430e-01
6.268000000000000238e-01
6.643999999999999906e-01
6.805999999999999828e-01
6.926999999999999824e-01
7.034000000000000252e-01
7.144000000000000350e-01
7.329999999999999849e-01
7.551999999999999824e-01
7.772000000000000020e-01
7.919000000000000483e-01
8.128999999999999559e-01
8.397999999999999909e-01
8.698000000000000176e-01
8.953999999999999737e-01
9.042000000000000037e-01
9.163999999999999924e-01
9.341000000000000414e-01
9.500999999999999446e-01
9.599999999999999645e-01
9.730999999999999650e-01
9.871999999999999664e-01
1.003900000000000015e+00
1.022699999999999942e+00
1.042699999999999960e+00
1.062999999999999945e+00
1.082899999999999974e+00
1.099399999999999933e+00
1.114500000000000046e+00
1.131599999999999939e+00
1.148500000000000076e+00
1.158300000000000107e+00
1.168600000000000083e+00
1.177100000000000035e+00
1.185100000000000042e+00
1.192199999999999926e+00
1.198499999999999899e+00
1.203500000000000014e+00
1.208900000000000086e+00
1.215000000000000080e+00
1.222099999999999964e+00
1.229899999999999993e+00
1.235200000000000076e+00
1.238499999999999934e+00
1.241999999999999993e+00
1.243600000000000039e+00
1.244799999999999907e+00
1.244799999999999907e+00
1.243400000000000061e+00
1.241700000000000026e+00
1.238599999999999923e+00
1.233200000000000074e+00
1.225800000000000001e+00
1.217799999999999994e+00
1.208299999999999930e+00
1.196800000000000086e+00
1.187899999999999956e+00
1.177599999999999980e+00
1.167200000000000015e+00
1.157899999999999929e+00
1.147999999999999909e+00
1.134500000000000064e+00
1.120999999999999996e+00
1.104400000000000048e+00
1.084200000000000053e+00
1.059900000000000064e+00
1.036799999999999944e+00
1.008000000000000007e+00
9.842999999999999527e-01
9.606000000000000094e-01
9.394000000000000128e-01
9.093999999999999861e-01
8.750999999999999890e-01
8.377999999999999892e-01
7.996999999999999664e-01
7.508000000000000229e-01
6.924000000000000155e-01
6.465999999999999526e-01
6.213999999999999524e-01
5.911999999999999478e-01
5.463999999999999968e-01
5.046000000000000485e-01
4.615000000000000213e-01
4.174999999999999822e-01
3.846999999999999864e-01
3.552000000000000157e-01
3.114000000000000101e-01
2.646999999999999909e-01
2.038000000000000089e-01
2.000000000000000111e-01
2.000000000000000111e-01
2.000000000000000111e-01
2.000000000000000111e-01
2.000000000000000111e-01
2.000000000000000111e-01
2.000000000000000111e-01
2.000000000000000111e-01
2.000000000000000111e-01
2.000000000000000111e-01
2.000000000000000111e-01
2.000000000000000111e-01
2.000000000000000111e-01
2.000000000000000111e-01
2.000000000000000111e-01
2.000000000000000111e-01
2.000000000000000111e-01
2.000000000000000111e-01
2.000000000000000111e-01
2.000000000000000111e-01
2.000000000000000111e-01
2.000000000000000111e-01
2.000000000000000111e-01
2.000000000000000111e-01
2.000000000000000111e-01
2.000000000000000111e-01
2.000000000000000111e-01
2.000000000000000111e-01
2.000000000000000111e-01
2.000000000000000111e-01
2.000000000000000111e-01
2.000000000000000111e-01
2.000000000000000111e-01
2.000000000000000111e-01
2.000000000000000111e-01
2.000000000000000111e-01
2.000000000000000111e-01
2.000000000000000111e-01
2.000000000000000111e-01
2.000000000000000111e-01
2.000000000000000111e-01
2.000000000000000111e-01
2.000000000000000111e-01
2.000000000000000111e-01
2.000000000000000111e-01
2.000000000000000111e-01
2.000000000000000111e-01
2.074000000000000010e-01
2.323000000000000065e-01
2.492999999999999938e-01
2.675000000000000155e-01
2.857000000000000095e-01
3.048000000000000154e-01
3.239000000000000212e-01
3.437000000000000055e-01
3.650999999999999801e-01
3.896999999999999909e-01
4.103999999999999870e-01
4.284999999999999920e-01
4.385000000000000009e-01
4.481999999999999873e-01
4.633999999999999786e-01
4.828999999999999959e-01
5.024999999999999467e-01
5.192999999999999838e-01
5.364999999999999769e-01
5.571000000000000396e-01
5.786000000000000032e-01
5.919999999999999707e-01
6.100999999999999757e-01
6.283999999999999586e-01
6.515999999999999570e-01
6.717999999999999527e-01
6.926999999999999824e-01
7.106999999999999984e-01
7.243000000000000549e-01
7.348999999999999977e-01
7.461999999999999744e-01
7.685999999999999499e-01
7.843999999999999861e-01
7.991000000000000325e-01
8.174000000000000155e-01
8.322000000000000508e-01
8.497000000000000108e-01
8.660999999999999810e-01
8.869000000000000217e-01
9.042000000000000037e-01
9.183000000000000052e-01
9.324000000000000066e-01
9.466999999999999860e-01
9.627999999999999892e-01
9.808000000000000052e-01
1.000699999999999923e+00
1.018699999999999939e+00
1.038799999999999946e+00
1.059399999999999897e+00
1.079199999999999937e+00
1.098799999999999999e+00
1.121899999999999897e+00
1.137999999999999901e+00
1.149000000000000021e+00
1.159899999999999931e+00
1.167599999999999971e+00
1.175699999999999967e+00
1.182399999999999896e+00
1.192499999999999893e+00
1.203200000000000047e+00
1.210299999999999931e+00
1.215300000000000047e+00
1.219899999999999984e+00
1.225700000000000012e+00
1.229100000000000081e+00
1.232900000000000107e+00
1.236399999999999944e+00
1.240399999999999947e+00
1.243200000000000083e+00
1.244699999999999918e+00
1.244899999999999896e+00
1.244099999999999984e+00
1.242199999999999971e+00
1.239700000000000024e+00
1.237000000000000099e+00
1.232900000000000107e+00
1.228599999999999914e+00
1.224800000000000111e+00
1.221799999999999997e+00
1.218299999999999939e+00
1.211699999999999999e+00
1.203300000000000036e+00
1.194099999999999939e+00
1.184800000000000075e+00
1.174600000000000088e+00
1.163300000000000001e+00
1.151699999999999946e+00
1.139199999999999990e+00
1.128500000000000059e+00
1.114900000000000002e+00
1.096300000000000052e+00
1.074799999999999978e+00
1.054400000000000004e+00
1.031800000000000050e+00
1.005600000000000049e+00
9.784000000000000474e-01
9.502000000000000446e-01
9.210000000000000409e-01
8.891000000000000014e-01
8.614000000000000545e-01
8.415000000000000258e-01
8.242000000000000437e-01
7.983000000000000096e-01
7.715999999999999526e-01
7.354000000000000536e-01
7.030999999999999472e-01
6.665999999999999703e-01
6.308000000000000274e-01
5.921999999999999487e-01
5.460000000000000409e-01
5.074999999999999512e-01
4.671000000000000152e-01
4.248000000000000109e-01
3.753000000000000225e-01
3.179000000000000159e-01
2.562999999999999723e-01
2.000000000000000111e-01
2.000000000000000111e-01
2.000000000000000111e-01
2.000000000000000111e-01
2.000000000000000111e-01
2.000000000000000111e-01
2.000000000000000111e-01
2.000000000000000111e-01
2.000000000000000111e-01
2.000000000000000111e-01
2.000000000000000111e-01
2.000000000000000111e-01
2.000000000000000111e-01
2.000000000000000111e-01
2.000000000000000111e-01
2.000000000000000111e-01
2.000000000000000111e-01
2.000000000000000111e-01
2.000000000000000111e-01
2.000000000000000111e-01
2.000000000000000111e-01
2.000000000000000111e-01
2.000000000000000111e-01
2.000000000000000111e-01
2.000000000000000111e-01
2.000000000000000111e-01
2.000000000000000111e-01
2.000000000000000111e-01
2.000000000000000111e-01
2.000000000000000111e-01
2.000000000000000111e-01
2.000000000000000111e-01
2.000000000000000111e-01
2.000000000000000111e-01
2.000000000000000111e-01
2.000000000000000111e-01
2.000000000000000111e-01
2.000000000000000111e-01
2.000000000000000111e-01
2.044999999999999873e-01
2.179000000000000103e-01
2.421999999999999986e-01
2.713999999999999746e-01
3.079000000000000070e-01
3.217999999999999750e-01
3.202999999999999736e-01
3.195000000000000062e-01
3.181999999999999829e-01
3.215999999999999970e-01
3.370000000000000218e-01
3.574999999999999845e-01
3.778000000000000247e-01
3.922999999999999821e-01
4.058999999999999830e-01
4.248000000000000109e-01
4.343000000000000194e-01
4.490000000000000102e-01
4.727999999999999980e-01
4.956999999999999740e-01
5.210000000000000187e-01
5.533000000000000140e-01
5.852000000000000535e-01
6.211999999999999744e-01
6.569000000000000394e-01
6.899999999999999467e-01
7.158999999999999808e-01
7.334000000000000519e-01
7.521999999999999797e-01
7.702999999999999847e-01
7.890000000000000346e-01
8.041000000000000369e-01
8.169999999999999485e-01
8.263000000000000345e-01
8.391999999999999460e-01
8.524000000000000465e-01
8.701999999999999735e-01
8.907000000000000473e-01
9.084999999999999742e-01
9.283000000000000140e-01
9.471000000000000529e-01
9.620999999999999552e-01
9.786000000000000254e-01
9.966000000000000414e-01
1.015300000000000091e+00
1.033500000000000085e+00
1.052999999999999936e+00
1.068400000000000016e+00
1.084300000000000042e+00
1.101599999999999913e+00
1.115499999999999936e+00
1.124300000000000077e+00
1.133000000000000007e+00
1.141100000000000003e+00
1.152500000000000080e+00
1.164900000000000047e+00
1.174099999999999921e+00
1.182800000000000074e+00
1.190800000000000081e+00
1.199500000000000011e+00
1.206900000000000084e+00
1.213300000000000045e+00
1.218299999999999939e+00
1.223600000000000021e+00
1.227700000000000014e+00
1.232299999999999951e+00
1.237100000000000088e+00
1.240599999999999925e+00
1.243100000000000094e+00
1.244499999999999940e+00
1.245000000000000107e+00
1.244299999999999962e+00
1.242499999999999938e+00
1.239300000000000068e+00
1.234699999999999909e+00
1.229400000000000048e+00
1.222399999999999931e+00
1.215500000000000025e+00
1.209799999999999986e+00
1.201600000000000001e+00
1.191999999999999948e+00
1.183899999999999952e+00
1.172800000000000065e+00
1.159699999999999953e+00
1.146500000000000075e+00
1.131299999999999972e+00
1.116999999999999993e+00
1.100100000000000078e+00
1.087499999999999911e+00
1.068200000000000038e+00
1.049199999999999910e+00
1.027199999999999891e+00
1.003400000000000070e+00
9.772999999999999465e-01
9.479999999999999538e-01
9.207999999999999519e-01
9.018000000000000460e-01
8.824999999999999512e-01
8.560999999999999721e-01
8.249999999999999556e-01
8.081000000000000405e-01
7.892000000000000126e-01
7.677000000000000490e-01
7.452999999999999625e-01
7.199999999999999734e-01
6.905999999999999917e-01
6.744999999999999885e-01
6.465999999999999526e-01
6.091999999999999638e-01
5.633000000000000229e-01
5.239000000000000323e-01
5.039000000000000146e-01
4.850999999999999757e-01
4.729999999999999760e-01
4.588999999999999746e-01
4.435999999999999943e-01
4.243999999999999995e-01
4.106000000000000205e-01
3.862999999999999767e-01
3.528000000000000025e-01
3.437000000000000055e-01
3.371999999999999997e-01
3.186999999999999833e-01
2.883999999999999897e-01
2.554000000000000159e-01
2.162999999999999923e-01
2.000000000000000111e-01
2.000000000000000111e-01
2.000000000000000111e-01
2.000000000000000111e-01
2.000000000000000111e-01
2.000000000000000111e-01
2.000000000000000111e-01
2.000000000000000111e-01
2.000000000000000111e-01
2.000000000000000111e-01
2.000000000000000111e-01
2.000000000000000111e-01
2.000000000000000111e-01
2.000000000000000111e-01
2.000000000000000111e-01
2.000000000000000111e-01
2.000000000000000111e-01
2.000000000000000111e-01
2.000000000000000111e-01
2.000000000000000111e-01
2.000000000000000111e-01
2.000000000000000111e-01
2.000000000000000111e-01
2.000000000000000111e-01
2.000000000000000111e-01
2.000000000000000111e-01
2.000000000000000111e-01
2.000000000000000111e-01
2.000000000000000111e-01
2.000000000000000111e-01
2.000000000000000111e-01
2.000000000000000111e-01
2.000000000000000111e-01
2.000000000000000111e-01
2.000000000000000111e-01
2.000000000000000111e-01
2.091999999999999971e-01
2.225999999999999923e-01
2.388000000000000123e-01
2.610000000000000098e-01
2.898000000000000020e-01
3.222999999999999754e-01
3.487999999999999989e-01
3.711999999999999744e-01
4.038999999999999813e-01
4.378000000000000225e-01
4.661000000000000143e-01
4.863000000000000100e-01
5.070999999999999952e-01
5.265999999999999570e-01
5.274999999999999689e-01
5.358000000000000540e-01
5.483000000000000096e-01
5.659999999999999476e-01
5.906000000000000139e-01
6.253999999999999559e-01
6.552999999999999936e-01
6.767999999999999572e-01
6.999999999999999556e-01
7.234000000000000430e-01
7.485000000000000542e-01
7.715999999999999526e-01
7.822999999999999954e-01
7.893999999999999906e-01
8.007999999999999563e-01
8.182000000000000384e-01
8.376000000000000112e-01
8.538000000000000034e-01
8.687000000000000277e-01
8.859000000000000208e-01
9.010000000000000231e-01
9.205999999999999739e-01
9.365999999999999881e-01
9.536999999999999922e-01
9.677999999999999936e-01
9.798000000000000043e-01
9.928000000000000158e-01
1.002899999999999903e+00
1.014499999999999957e+00
1.030899999999999928e+00
1.044799999999999951e+00
1.058499999999999996e+00
1.070999999999999952e+00
1.086999999999999966e+00
1.102100000000000080e+00
1.118600000000000039e+00
1.133099999999999996e+00
1.144800000000000040e+00
1.157000000000000028e+00
1.166800000000000059e+00
1.176600000000000090e+00
1.183000000000000052e+00
1.188199999999999923e+00
1.196199999999999930e+00
1.204099999999999948e+00
1.212800000000000100e+00
1.222099999999999964e+00
1.228399999999999936e+00
1.233700000000000019e+00
1.237900000000000000e+00
1.240499999999999936e+00
1.242699999999999916e+00
1.244299999999999962e+00
1.244899999999999896e+00
1.244699999999999918e+00
1.243600000000000039e+00
1.240899999999999892e+00
1.237600000000000033e+00
1.233999999999999986e+00
1.228399999999999936e+00
1.223500000000000032e+00
1.217100000000000071e+00
1.207899999999999974e+00
1.200700000000000101e+00
1.194199999999999928e+00
1.186900000000000066e+00
1.179499999999999993e+00
1.169999999999999929e+00
1.159599999999999964e+00
1.145299999999999985e+00
1.135799999999999921e+00
1.128200000000000092e+00
1.116000000000000103e+00
1.105299999999999949e+00
1.090300000000000047e+00
1.068000000000000060e+00
1.050200000000000022e+00
1.032000000000000028e+00
1.014899999999999913e+00
1.001300000000000079e+00
9.879999999999999893e-01
9.728999999999999870e-01
9.540999999999999481e-01
9.360000000000000542e-01
9.165999999999999703e-01
9.024999999999999689e-01
8.808000000000000274e-01
8.574000000000000510e-01
8.323000000000000398e-01
8.051000000000000378e-01
7.781000000000000139e-01
7.490999999999999881e-01
7.190999999999999615e-01
6.935999999999999943e-01
6.747999999999999554e-01
6.637999999999999456e-01
6.491999999999999993e-01
6.281999999999999806e-01
6.088999999999999968e-01
5.840999999999999526e-01
5.502000000000000224e-01
5.202999999999999847e-01
4.988000000000000211e-01
4.832000000000000184e-01
4.637999999999999901e-01
4.491999999999999882e-01
4.282000000000000250e-01
3.947999999999999843e-01
3.683000000000000163e-01
3.548000000000000043e-01
3.343999999999999750e-01
3.296000000000000041e-01
3.367999999999999883e-01
